;titulo;data_lancamento;nota_media;numero_votos;popularidade;lingua_original;descricao
1;Como Treinar o Seu Dragão;06/06/2025;8.147;1128;10.802.642;en;Filho cheio de imaginação, mas negligenciado, do Chefe Stoico, Soluço desafia séculos de tradição quando faz amizade com Banguela, um temido dragão Fúria da Noite. Seu vínculo improvável revela a verdadeira natureza dos dragões, desafiando os próprios fundamentos da sociedade viking. Com a feroz e ambiciosa Astrid e o peculiar ferreiro Bocão Bonarroto ao seu lado, Soluço confronta um mundo dilacerado pelo medo e por mal-entendidos. Quando uma antiga ameaça reaparece, colocando em perigo tanto os vikings quanto os dragões, a amizade de Soluço e Banguela se torna a chave para forjar um novo futuro. Juntos, eles devem trilhar o delicado caminho em direção à paz, ultrapassando os limites de seus mundos e redefinindo o que significa ser herói e líder.
2;M3GAN 2.0;25/06/2025;7.711;435;7.939.998;en;Uma arma robótica de nível militar conhecida como Amelia torna-se cada vez mais autoconsciente e perigosa para a raça humana. Na esperança de detê-la, Gemma decide ressuscitar M3GAN, tornando-a mais rápida, forte e letal.
3;Lilo & Stitch;17/05/2025;7.232;956;5.294.998;en;Stitch, um alienígena, chega ao planeta Terra após fugir de sua prisão e tenta se passar por um cachorro para se camuflar. As coisas mudam quando Lilo, uma travessa menina, o adota de um abrigo de animais. Juntos, eles aprendem os valores da amizade e família.
4;Um Homem sem Passado;13/01/2025;6.981;26;4.930.035;en;Ao acordar em uma cidade estranha, um homem sem memória (Adam Woodward) busca a verdade sobre seu passado, apenas para ser levado diretamente a um confronto letal com um poderoso inimigo (o vencedor do Oscar® Jon Voight) que selará seu destino e revelará sua verdadeira identidade.
5;Demon Slayer: Kimetsu no Yaiba Castelo Infinito;18/07/2025;7.1;14;4.669.849;ja;O Corpo de Caçadores de Demônios confronta os Doze Kizuki restantes antes de enfrentar Muzan na Fortaleza Infinita para derrotá-lo de uma vez por todas.
6;Superman;09/07/2025;7.5;1074;3.668.772;en;Superman, um jovem repórter de Metrópolis, embarca em uma jornada para reconciliar sua herança kryptoniana com sua criação humana como Clark Kent.
7;Karatê Kid: Lendas;08/05/2025;7.243;513;3.628.183;en;Após uma tragédia familiar, o prodígio do kung fu Li Fong é forçado a deixar sua casa em Pequim e se mudar para Nova York com sua mãe. Li luta para deixar o passado para trás enquanto tenta se enturmar com seus novos colegas de classe, e, embora não queira brigar, os problemas parecem encontrá-lo por toda parte. Quando um novo amigo precisa de sua ajuda, Li entra em uma competição de karatê – mas suas habilidades sozinhas não são suficientes. O professor de kung fu de Li, Sr. Han, recruta o lendário Karatê Kid original, Daniel LaRusso, para ajudá-lo, e Li aprende uma nova forma de lutar, combinando seus dois estilos em um confronto épico de artes marciais.
8;Missão Resgate 2: Vingança;27/06/2025;7.008;132;3.122.938;en;Mike viaja ao Nepal para espalhar as cinzas de seu falecido irmão no Monte Everest. Quando Mike e sua guia de montanha encontram mercenários em um ônibus turístico, eles são forçados a lutar para salvar a si mesmos, aos passageiros e à terra natal dos moradores locais.
9;Bailarina - Do Universo de John Wick;04/06/2025;7.5;1110;2.879.159;en;Bailarina  se passa durante os eventos de ‘John Wick 3: Parabellum‘ e acompanha Eve Macarro (Ana de Armas), que está começando seu treinamento nas tradições da organização Ruska Roma para se tornar uma assassina que buscará vingança contra aqueles que destruíram sua família.  O longa ainda conta com Anjelica Huston, Gabriel Byrne, Lance Reddick, Catalina Sandino Moreno e Norman Reedus no elenco, com participações de Ian McShane e Keanu Reeves.
10;Bride Hard;19/06/2025;5.795;22;2.748.774;en;Durante um casamento luxuoso, mercenários fazem todos de reféns, mas não contavam com uma dama de honra que é agente secreta e fará de tudo para proteger a cerimônia de sua melhor amiga.
11;Os Bad Boas;10/07/2025;5.799;87;2.545.516;nl;Um investigador dedicado e um ex-policial imprudente são obrigados a trabalhar juntos, causando um verdadeiro caos nas ruas de Roterdã.
12;Jurassic World: Recomeço;01/07/2025;6.37;764;252.399;en;Este novo capítulo cheio de ação acompanha uma equipe intrépida que corre contra o tempo para obter amostras de DNA das três criaturas mais colossais da terra, do mar e do ar. Cinco anos após os eventos de Jurassic World: Domínio, a ecologia do planeta se mostrou amplamente inóspita para os dinossauros. Os remanescentes existem em ambientes equatoriais isolados, com climas semelhantes àqueles nos quais prosperaram no passado. As três criaturas mais colossais dessa biosfera tropical possuem a chave para um medicamento com benefícios milagrosos que podem salvar vidas humanas.
13;Guerreiras do K-Pop;20/06/2025;8.544;745;2.124.227;en;Quando não estão lotando estádios, as estrelas do K-pop Rumi, Mira e Zoey usam seus poderes secretos para proteger os fãs contra ameaças sobrenaturais.
14;Thunderbolts*;30/04/2025;7.4;1938;2.054.147;en;Depois de se verem presos em uma armadilha mortal, uma equipe não convencional de anti-heróis deve embarcar em uma missão perigosa que os forçará a confrontar os cantos mais sombrios de seus passados.
15;Premonição 6: Laços de Sangue;14/05/2025;7.191;1704;1.983.774;en;Atormentada por um pesadelo violento recorrente, a estudante universitária Stefanie volta para casa para encontrar a única pessoa que pode quebrar o ciclo e salvar sua família do destino horrível que inevitavelmente os aguarda.
16;Angels Fallen: Warriors of Peace;09/07/2024;4.8;17;1.968.523;en;
17;The Old Guard 2;01/07/2025;6.06;530;187.08;en;Andy e sua equipe de guerreiros imortais enfrentam uma nova ameaça poderosa que põe em risco a missão do grupo de proteger a humanidade.
18;Chefes de Estado;02/07/2025;6.937;526;1.715.068;en;O primeiro-ministro do Reino Unido e o presidente dos EUA têm uma rivalidade pública que ameaça a aliança de seus países. Quando se tornam o alvo de um inimigo poderoso, eles precisam confiar um no outro e embarcar numa fuga internacional. Com a ajuda de Noel, uma brilhante agente do MI6, eles devem deter uma conspiração que ameaça o mundo livre.
19;Kaiju No. 8: Missão de Reconhecimento;28/03/2025;7.829;35;1.541.352;ja;O filme Kaiju No. 8: Missão de Reconhecimento apresenta uma recapitulação da primeira temporada, seguido por um episódio especial original intitulado A Folga de Hoshina.
20;F1 - O Filme;25/06/2025;7.625;866;1.488.052;en;Sonny Hayes, a lenda do automobilismo, é persuadido a deixar a aposentadoria para liderar uma equipe de Fórmula 1 em dificuldades—e ser mentor de um jovem piloto famoso—enquanto busca mais uma oportunidade de glória.
21;Quarteto Fantástico: Primeiros Passos;23/07/2025;5.435;23;142.134;en;"Com o vibrante cenário de um mundo retrô-futurista inspirado nos anos 1960, ""O Quarteto Fantástico: Primeiros Passos"" apresenta a Primeira Família da Marvel - Reed Richards/Senhor Fantástico, Sue Storm/Mulher Invisível, Johnny Storm/Tocha Humana e Ben Grimm/O Coisa enquanto eles enfrentam seu desafio mais assustador até agora. Forçados a equilibrar seus papéis como heróis com a força de seus laços familiares, eles devem defender a Terra de um deus espacial voraz chamado Galactus (Ralph Ineson) e seu enigmático Arauto, Surfista Prateado (Julia Garner). E se o plano de Galactus de devorar o planeta inteiro e todos nele não fosse ruim o suficiente, de repente fica muito pessoal."
22;The Cellar;08/09/2024;7.6;10;1.308.972;en;
23;Dora e a Busca pelo Sol Dourado;02/07/2025;6.9;68;1.094.722;en;Dora, agora com 16 anos, embarca em uma aventura pela selva amazônica com seus amigos para proteger o tesouro lendário conhecido como Sol Dorado. Para isso, eles precisam enfrentar perigos e inimigos que também buscam o poder do tesouro.
24;性教育ママ;20/11/1973;6.056;9;1.406.098;ja;
25;호텔 레이크;29/04/2020;6.6;22;1.065.977;ko;
26;Triplo X;09/08/2002;6.0;4474;1.327.552;en;"O ex-atleta de esportes extremos Xander ""XXX"" Cage, famoso por suas acrobacias que desafiam a morte, é convencido de que pode ter sucesso em ações que espiões convencionais falharam. Xander é recrutado pelo agente Gibbons para se tornar um tipo diferente de agente secreto. Agora, em uma perigosa missão, ele precisa usar todas as suas habilidades para combater um inimigo mortal."
27;Ne Zha;26/07/2019;7.945;568;1.121.671;zh;"O filme conta a história da queda do impiedoso imperador Di Xin, também conhecido como Zhou, da Dinastia Shang. Deuses e deusas, os Oito Imortais e espíritos fazem parte da mitologia chinesa usada na animação.  - Ne Zha é o primeiro recurso de animação 3D da China lançado em IMAX.  - Baseado no livro ""Investiture of the Gods"" [Fengshen Yanyi - Título original: 封神演義], escrito por Xu Zhonglin e Lu Xixing, publicado no século XVI, um dos maiores romances da Dinastia Ming.  - O filme que da sequência a história de Ne Zha é ""Legend of Deification""."
28;Faça Ela Voltar;28/05/2025;7.446;304;1.046.553;en;Um irmão e uma irmã descobrem um ritual aterrorizante na casa isolada de sua nova mãe adotiva.
29;室町無頼;17/01/2025;9.2;9;929.009;ja;
30;女高生トリオ 性感試験;23/02/1977;8.0;4;1.031.883;ja;
31;Meus 84 m²;17/07/2025;6.548;63;988.917;ko;Após gastar as economias de uma vida inteira em um apartamento, um homem descobre que suas paredes guardam ruídos perturbadores, vizinhos hostis e segredos inquietantes.
32;Missão: Impossível - O Acerto Final;17/05/2025;7.2;957;947.988;en;Depois de escapar de um acidente de trem calamitoso, Ethan percebe que a Entidade está escondida a bordo de um antigo submarino russo, mas um inimigo do seu passado chamado Gabriel também está no encalço.
33;Operação Vingança;09/04/2025;6.99;892;918.499;en;Depois que sua esposa é tragicamente morta em um ataque terrorista em Londres, um criptógrafo da CIA exige que seus chefes vão atrás dos assassinos. Quando fica claro que eles não agirão devido a prioridades internas conflitantes, ele chantageia a agência para treiná-lo e deixá-lo ir atrás deles sozinho.
34;Sneaks: De Pisante Novo;17/04/2025;6.1;20;814.669;en;Téo e Beca são um par de tênis de grife que vivem protegidos em sua caixa, até que Edson, um jovem humilde com o sonho de se tornar jogador de basquete, os ganha em um sorteio. Quando são roubados por um colecionador, o sonho de Edson é ameaçado e os tênis se separam. Determinado a reencontrar seu par, Téo se vê perdido nas ruas de Nova York, onde conhece Beto, um tênis de rua cheio de atitude. Juntos, embarcam em uma aventura repleta de surpresas, e Téo descobre que o mundo fora da caixa é muito maior e mais emocionante do que imaginava.
35;ZOMBIES 4: A Era dos Vampiros;10/07/2025;7.0;79;790.597;en;Neste novo capítulo da franquia Zombies, o zumbi Zed e a líder de torcida Addison, juntamente com Eliza e a lobisomem Willa, se deparam com Victor (Vampiro) e Nova (Caminhante do Dia), inimigos mortais de lados opostos do Monte Rayburn que precisam forjar a paz em suas comunidades para conseguir sobreviver.
36;Sangue Possuído;07/11/2024;4.15;10;891.249;en;Depois que uma jovem é encontrada morta em uma comunidade religiosa isolada nas montanhas, um grupo de adolescentes decide lutar contra os espíritos malignos que acreditam tê-la matado, abraçando sua própria natureza sombria.
37;Um Filme Minecraft;31/03/2025;6.446;2102;888.378;en;Quatro desajustados enfrentam problemas comuns do dia a dia quando, de repente, são sugados por um portal misterioso para o Overworld: uma terra fascinante e cúbica, movida pela imaginação. Para voltarem para casa, eles precisarão dominar esse novo mundo enquanto embarcam em uma jornada mágica ao lado de um crafter experiente e inesperado: Steve.
38;O Ritual;18/04/2025;6.0;110;783.186;en;Dois padres — um questionando sua fé e outro dono de um passado conturbado — devem colocar de lado suas diferenças para tentar salvar uma jovem usando o exorcismo.
39;In Vitro;27/03/2025;8.2;5;742.383;en;
40;Brick;09/07/2025;5.826;319;732.745;de;Após um misterioso muro cercar o prédio onde moram, Tim e Olivia precisam formar uma aliança com os vizinhos se quiserem escapar com vida.
41;Amores Materialistas;12/06/2025;6.903;124;812.169;en;O lucrativo negócio de uma casamenteira se complica quando ela se envolve em um triângulo amoroso tóxico que ameaça seus clientes.
42;ZOMBIES 4: A Era dos Vampiros;10/07/2025;7.0;79;790.597;en;Neste novo capítulo da franquia Zombies, o zumbi Zed e a líder de torcida Addison, juntamente com Eliza e a lobisomem Willa, se deparam com Victor (Vampiro) e Nova (Caminhante do Dia), inimigos mortais de lados opostos do Monte Rayburn que precisam forjar a paz em suas comunidades para conseguir sobreviver.
43;Pecadores;16/04/2025;7.6;2111;786.102;en;Dispostos a deixar suas vidas conturbadas para trás, irmãos gêmeos retornam à sua cidade natal para recomeçar suas vidas do zero, quando descobrem que um mal ainda maior está à espera deles para recebê-los de volta.
44;O Ritual;18/04/2025;6.0;110;783.186;en;Dois padres — um questionando sua fé e outro dono de um passado conturbado — devem colocar de lado suas diferenças para tentar salvar uma jovem usando o exorcismo.
45;Jogos de Sedução;18/07/2025;8.5;13;77.129;es;Neste thriller sexy, Sebastián, um trambiqueiro carismático que seduz mulheres para roubar seu dinheiro, pausa seus planos de aposentadoria após o súbito aparecimento de Carolina, uma mulher enigmática que o exporá ao maior perigo de sua profissão.
46;Eu Sei o Que Vocês Fizeram no Verão Passado;16/07/2025;6.0;81;767.437;en;Quando cinco amigos inadvertidamente causam um acidente de carro fatal, eles encobrem o envolvimento e fazem um pacto para manter o segredo em vez de arcar com as consequências. Um ano depois, o passado volta para assombrá-los e eles são forçados a confrontar uma verdade terrível: alguém sabe o que eles fizeram no verão passado... e está determinado a se vingar. À medida que os amigos são perseguidos, um a um, por um assassino, descobrem que isso já aconteceu antes e recorrem a dois sobreviventes do lendário Massacre de Southport, em 1997, em busca de ajuda.
47;లైలా;14/02/2025;5.8;5;746.776;te;
48;In Vitro;27/03/2025;8.2;5;742.383;en;
49;Brick;09/07/2025;5.8;320;732.745;de;Após um misterioso muro cercar o prédio onde moram, Tim e Olivia precisam formar uma aliança com os vizinhos se quiserem escapar com vida.
50;Long Distance;12/07/2024;6.342;168;729.737;en;A história acompanha um minerador de asteroides que, após um pouso forçado em um planeta alienígena, precisa atravessar um terreno acidentado, ficando sem oxigênio e sendo caçado por criaturas estranhas até encontrar o único sobrevivente.
51;O Enforcador;30/05/2024;5.957;47;706.271;en;O pai problemático Leon leva o filho para acampar nos Apalaches. Culto local invoca o maligno demônio Hangman. Filho desaparece. Leon precisa confrontar o culto e o monstro para encontrá-lo em meio ao aumento da contagem de corpos.
52;Extermínio: A Evolução;18/06/2025;7.141;611;67.864;en;Já se passaram quase três décadas desde que o vírus da raiva escapou de um laboratório de armas biológicas. Agora, sob uma quarentena rigidamente imposta, alguns conseguiram encontrar maneiras de sobreviver em meio aos infectados. Um desses grupos vive em uma pequena ilha, ligada ao continente por uma única passagem fortemente protegida. Quando um dos membros parte em uma missão rumo ao sombrio coração do continente, ele descobre segredos, maravilhas e horrores que transformaram não apenas os infectados, mas também outros sobreviventes.
53;Minha Culpa;08/06/2023;7.8;3755;675.131;es;Noah é obrigada a mudar de cidade, deixando seus amigos e namorado para trás, após sua mãe se casar com um novo marido rico. Lá ela conhece Nick, seu novo meio-irmão, e os dois se apaixonam loucamente, vivendo um grande romance proibido.
54;새엄마의 욕망;29/05/2020;7.4;25;672.165;ko;
55;Intimidade;20/01/2001;6.2;524;657.646;en;Jay (Mark Rylance) e Claire (Kerry Fox) formam um casal que vive uma relação passional, onde se encontram todas as tardes de quarta-feira por um único motivo: sexo. O casal segue um ritual: tiram as roupas, fazem amor, se vestem e partem sem dizer uma só palavra. Sempre se sentem um pouco embaraçados, mas nada têm a dizer um ao outro e também nada sabem sobre suas vidas. Um dia, Jay decide conhecer melhor sua parceira. Ele a segue e descobre que ela é uma atriz, casada e com um filho. Seu marido é um simpático taxista, com quem Jay faz amizade. Ao saber do fato, Claire desaparece. Mas Jay não se conforma e parte em seu encalço.
56;Kuang Bao Ju Xi;27/03/2024;6.269;26;652.191;zh;
57;Resgate Implacável;26/03/2025;6.7;1381;64.056;en;Ele quer viver uma vida simples e ser um bom pai para sua filha. Mas quando a filha adolescente de seu chefe, Jenny, desaparece, ele é chamado para reempregar as habilidades que o tornaram uma figura lendária nas operações secretas.
58;Belyas;07/02/2025;7.3;10;640.068;tl;
59;Moana 2;21/11/2024;7.064;2572;635.704;en;Depois de receber um chamado inesperado de seus ancestrais navegadores, Moana vai viajar para mares distantes da Oceania, em águas perdidas em uma aventura perigosa.
60;Madea e o Casamento nas Bahamas;10/07/2025;5.8;45;634.974;en;Com seus vestidos floridos e sempre causando, Madea acompanha a família Simmons em uma viagem às Bahamas para o casamento de sua sobrinha-neta.
61;Influencer;18/05/2023;6.2;262;63.234;en;Durante um mochilão solitário e complicado pela Tailândia, a influenciadora Madison encontra CW, que viaja com facilidade e mostra a ela um estilo de vida mais desinibido. Porém, o interesse de CW por Madison toma um rumo sombrio.
62;सैयारा;18/07/2025;7.2;27;62.354;hi;
63;The Twisters;28/06/2024;6.0;60;621.756;en;
64;Des jours plus belles que la nuit;10/10/2009;6.0;104;617.851;fr;
65;Dose Dupla;30/08/2024;5.5;32;596.661;en;Acompanha um agente da polícia de Nova Iorque e a sua parceira novata, Angela, num dia difícil em que vivem o trabalho perigoso e rotineiro de ser agente na cidade.
66;Mamá Reinventada;08/05/2025;8.0;12;587.687;es;
67;O Contador 2;23/04/2025;7.189;1144;57.974;en;Quando um conhecido é assassinado, deixando para trás uma mensagem enigmática, Christian Wolff se sente compelido a resolver o caso. Percebendo que medidas extremas são necessárias, Wolff recruta seu irmão distante e altamente letal, Brax, e os dois descobrem uma conspiração mortal, tornando-se alvos de uma rede de assassinos.
68;Predador: Assassino de Assassinos;05/06/2025;7.962;737;578.903;en;Essa antologia animada original acompanha três dos guerreiros mais determinados da história da humanidade: uma pirata viking que guia o filho em uma busca sangrenta por vingança, um ninja no Japão feudal que se volta contra o irmão samurai em uma batalha brutal pela sucessão e um piloto da Segunda Guerra Mundial que voa para investigar uma ameaça sobrenatural à causa aliada.
69;爱上她的理由 番外 约定的未来;13/02/2024;10.0;1;576.095;zh;
70;女教師 生徒の眼の前で;09/04/1982;6.386;35;556.118;ja;
71;Smurfs;05/07/2025;6.7;29;549.535;en;Quando o Papai Smurf é misteriosamente levado pelos feiticeiros do mal, Razamel e Gargamel, Smurfette lidera os Smurfs em uma missão no mundo real para salvá-lo. Com a ajuda de novos amigos, os Smurfs precisam descobrir o que define seu destino para salvar o universo.
72;Playboy Playmate Workout;01/01/1983;10.0;1;545.947;en;
73;鬼吹灯：献王虫谷;22/09/2023;6.846;27;545.041;zh;
74;O Palhaço no Milharal;08/05/2025;6.297;171;533.494;en;Quinn e o pai se mudam para Kettle Springs em busca de um recomeço, mas acabam se deparando com uma comunidade que enfrenta dificuldades desde que a fábrica de xarope de milho Baypen pegou fogo. Enquanto os moradores brigam entre si, uma figura emerge dos milharais para purificar a cidade, uma vítima de cada vez. Bem-vindo a Kettle Springs. A diversão só começa quando Frendo aparece para brincar.
75;Família, Pero no Mucho;17/07/2025;6.615;13;493.927;pt;Um pai brasileiro viaja até Bariloche com a família para conhecer os futuros sogros da filha — até que tudo acaba em treta.
76;Jurassic World: Domínio;01/06/2022;6.6;6540;491.073;en;Quatro anos após a destruição da Ilha Nublar, os dinossauros agora vivem – e caçam – ao lado de humanos em todo o mundo. Esse frágil equilíbrio remodelará o futuro e determinará, de uma vez por todas, se os seres humanos continuarão sendo os principais predadores em um planeta que agora compartilham com as criaturas mais temíveis da história.
77;Entre Montanhas;13/02/2025;7.726;2822;482.378;en;Dois agentes altamente treinados se aproximam à distância após serem enviados para proteger lados opostos de um desfiladeiro misterioso. Quando um mal emerge, eles precisam trabalhar juntos para sobreviver ao que está lá dentro.
78;Sonic 3: O Filme;19/12/2024;7.681;2794;481.562;en;Sonic, Knuckles e Tails se reúnem contra um novo e poderoso adversário, Shadow, um vilão misterioso com poderes diferentes de tudo que eles já enfrentaram antes. Com suas habilidades superadas em todos os sentidos, a Equipe Sonic deve buscar uma aliança improvável na esperança de parar Shadow e proteger o planeta.
79;Capitão América: Admirável Mundo Novo;12/02/2025;6.04;2415;480.431;en;Após se encontrar com o recém-eleito presidente dos EUA, Thaddeus Ross, Sam se vê no meio de um incidente internacional. Ele deve descobrir o motivo por trás de uma conspiração global nefasta antes que o verdadeiro gênio faça o mundo inteiro ser dominado pelo vermelho.
80;Branca de Neve;12/03/2025;4.3;1291;474.534;en;Quando a Rainha Má manda matarem sua enteada por inveja de sua beleza, Branca de Neve foge do reino. Ela percorre a floresta e acha uma casinha onde vivem sete anões amigáveis com quem passa viver. Porém, a moça ainda não está a salvo, já que a bruxa planeja dar um fim a sua vida com uma maçã envenenada.
81;Tempo de Guerra;09/04/2025;7.168;770;44.875;en;Tempo de Guerra faz o espectador se juntar a um pelotão de SEALs da Marinha dos EUA em uma missão de vigilância em território insurgente que não sai conforme o planejado. Uma história visceral e crua sobre a guerra moderna e o sentimento de fraternidade, contada como nunca antes: em tempo real, com base nas memórias daqueles que lutaram.
82;Divertida Mente 2;11/06/2024;7.554;5995;44.888;en;Divertida Mente 2, da Disney e da Pixar, retorna à mente da adolescente Riley, e o faz no momento em que a sala de comando está passando por uma demolição repentina para dar lugar a algo totalmente inesperado: novas emoções! Alegria, Tristeza, Raiva, Medo e Nojinho não sabem bem como reagir quando Ansiedade aparece, e tudo indica que ela não está sozinha.
83;M3GAN;28/12/2022;7.1;4361;405.856;en;Uma brilhante roboticista de uma empresa de brinquedos usa inteligência artificial para desenvolver M3GAN, uma boneca realista programada para se relacionar emocionalmente com sua sobrinha recém-órfã. Mas quando a programação da boneca funciona muito bem, ela se torna superprotetora de sua nova amiga... com resultados aterrorizantes.
84;Deadpool & Wolverine;24/07/2024;7.586;7499;447.493;en;Um apático Wade Wilson trabalha duro na vida civil. Seus dias como mercenário moralmente flexível, Deadpool, ficaram para trás. Quando seu planeta enfrenta uma ameaça, Wade deve relutantemente vestir-se novamente com um ainda mais relutante... relutante? Mais relutante? Ele deve convencer um Wolverine relutante em... Porra. As sinopses são tão estúpidas.
85;Improvisação Perigosa;12/06/2025;6.694;335;400.613;en;Kat é uma professora de humor de improvisação que começa a questionar se perdeu sua chance ao sucesso. Quando um policial disfarçado oferece a ela um papel decisivo, ela recruta dois de seus alunos para se infiltrarem nas gangues de Londres disfarçados de criminosos perigosos.
86;Como Treinar o seu Dragão 2;05/06/2014;7.7;9949;409.043;en;Cinco anos após convencer os habitantes de seu vilarejo que os dragões não devem ser combatidos, Soluço convive com seu dragão Fúria da Noite, e estes animais integraram pacificamente a rotina dos moradores da ilha de Berk. Entre viagens pelos céus e corridas de dragões, Soluço descobre uma caverna secreta, onde centenas de novos dragões vivem. O local é protegido por Valka, mãe de Soluço, que foi afastada do filho quando ele ainda era um bebê. Juntos, eles precisarão proteger o mundo que conhecem do perigoso Drago Bludvist, que deseja controlar todos os dragões existentes.
87;Round 6: Temporada 2 - Making Of;02/01/2025;8.5;425;403.016;ko;Dos detalhes dos cenários aos arcos dos personagens: confira entrevistas com o elenco e o diretor sobre os bastidores da segunda temporada da série mais vista do mundo.
88;365 Dias: Hoje;26/04/2022;5.91;1746;421.937;pl;"Em 365 Dias: Hoje, após os acontecimentos de 365 Dias, Laura Biel se casa com Don Massimo, o chefe da máfia siciliana que a sequestrou. Sua vida parece um conto de fadas: ela tem um marido amoroso, uma casa linda e um bebê a caminho. Mas Massimo tem muitos inimigos, e eles sabem que a melhor maneira de lhe causar dor é ferir aqueles que ama. Depois de um mal-entendido conjugal, Laura e sua melhor amiga, Olga, fogem da Sicília para a Polônia natal. Mas sem a proteção do marido, Laura é sequestrada por Marcelo ""Nacho"" Matos, filho do chefe da máfia rival, e levada para as Ilhas Canárias pela máfia espanhola. Agora Massimo moverá qualquer montanha para resgatá-la. Mas o que o chefe da máfia siciliana não espera é que Laura começa a ter sentimentos pelo seu raptor, lindo e extremamente perigoso, enquanto é mantida refém."
89;Angels Fallen: Warriors of Peace;09/07/2024;4.8;17;1.968.523;en;
90;Meu Malvado Favorito 4;20/06/2024;7.0;2851;40.331;en;Nesta sequência, o vilão mais amado do planeta retorna e agora Gru, Lucy, Margo, Edith e Agnes dão as boas-vindas a um novo membro da família: Gru Jr., que pretende atormentar seu pai. Enquanto se adapta com o pequeno, Gru enfrenta um novo inimigo, Maxime Le Mal, forçando sua namorada Valentina e a família a fugir do perigo.
91;Довбуш;24/08/2023;7.214;28;378.798;uk;
92;My Massive Cock;24/10/2022;6.222;9;345.987;en;
93;Kayara - A Princesa Inca;02/01/2025;7.6;83;409.343;en;Uma jovem garota sonha em se juntar ao grupo de mensageiros do Império Inca, composto somente por homens. Ela desafia tradições e normas de gênero para perseguir sua ambição contra todas as probabilidades.
94;La coda del diavolo;25/07/2024;5.9;39;453.469;it;
95;Interestelar;05/11/2014;8.458;37487;38.436;en;As reservas naturais da Terra estão chegando ao fim e um grupo de astronautas recebe a missão de verificar possíveis planetas para receberem a população mundial, possibilitando a continuação da espécie. Cooper é chamado para liderar o grupo e aceita a missão sabendo que pode nunca mais ver os filhos. Ao lado de Brand, Jenkins e Doyle, ele seguirá em busca de um novo lar.
96;Até a Última Gota;05/06/2025;7.9;749;374.962;en;Até onde ela vai aguentar? Após um dia devastador, uma mãe solo dedicada chega ao seu limite e comete um ato de desespero que ninguém poderia prever.
97;Sorority;20/06/2025;6.5;2;390.305;tl;
98;Elio;18/06/2025;6.818;200;385.684;en;Elio, um garoto oprimido com uma imaginação fértil, acaba sendo transportado acidentalmente para o Comuniverso. Identificado por engano como o embaixador da Terra para o resto do universo, Elio precisará formar novos laços com excêntricas formas de vida alienígenas, sobreviver a uma série de tribulações terríveis e, de alguma forma, descobrir quem ele realmente está destinado a ser.
99;A Substância;07/09/2024;7.14;4865;380.194;en;Uma estrela em declínio descobre uma substância misteriosa que lhe permite criar uma versão mais jovem e perfeita de si mesma. No entanto, o que parece ser uma solução milagrosa para recuperar sua glória logo se transforma em um pesadelo perturbador quando as consequências desta decisão começam a se manifestar de formas sombrias e irreversíveis.
100;Força Bruta: Punição;24/04/2024;7.031;178;366.004;ko;O detetive Ma Seok-do se junta à Equipe de Investigação Cibernética para prender Baek Chang-ki, um ex-mercenário e chefe de uma organização de jogos de azar online.
101;异人之下;26/07/2024;6.167;12;371.773;zh;
102;Mufasa: O Rei Leão;18/12/2024;7.371;2271;371.352;en;Acompanhe a história épica da ascensão improvável do amado rei das Terras do Reino. Órfão e sozinho, Mufasa se perde até encontrar Taka, herdeiro de uma linhagem real. Isso dá início a uma jornada épica que testa os laços entre os dois enquanto enfrentam um inimigo mortal.
103;Kung Fu Panda 4;02/03/2024;7.055;3147;367.954;en;Po está prestes a se tornar o novo líder espiritual do Vale da Paz, mas antes que possa fazer isso, ele deve encontrar um sucessor para se tornar o novo Dragão Guerreiro.  Ele parece encontrar uma em Zhen, uma raposa com muitas habilidades promissoras, mas que não gosta muito da ideia de Po treiná-la.
104;Minha Culpa: Londres;12/02/2025;7.5;429;367.298;en;Noah, de 18 anos, se muda dos EUA para Londres com a mãe, que recentemente se apaixonou por William, um rico empresário britânico. Noah conhece o filho de William, o bad boy Nick, e logo descobre uma atração que nenhum dos dois consegue evitar. Enquanto Noah passa o verão tentando se ajustar à nova vida, seu passado devastador a atingirá em cheio justo quando se apaixona pela primeira vez.
105;Força Bruta: Punição;24/04/2024;7.031;178;366.004;ko;O detetive Ma Seok-do se junta à Equipe de Investigação Cibernética para prender Baek Chang-ki, um ex-mercenário e chefe de uma organização de jogos de azar online.
106;缉恶;18/07/2024;6.75;8;358.298;zh;
107;Como Treinar o Seu Dragão 3;03/01/2019;7.751;6716;355.858;en;Decidido a fazer de Berk um verdadeiro libelo ao ideal da convivência pacífica entre homens e dragões, Soluço e seus amigos seguem atrás de caçadores, para não só libertar suas presas mas também impedir a matança desenfreada dos animais. O esforço do grupo desperta a atenção de Grimmel ao descobrir que entre eles está Banguela, um legítimo Fúria da Noite. O vilão então desenvolve um plano para capturá-lo a todo custo, usando como arma uma fêmea capturada, da mesma espécie.
108;Harry Potter e a Pedra Filosofal;16/11/2001;7.902;28408;352.437;en;Harry Potter é um garoto órfão que vive infeliz com seus tios, os Dursley. Em seu aniversário de 11 anos ele recebe uma carta que mudará sua vida: um convite para ingressar em Hogwarts.
109;Victoria;16/01/2021;8.5;2;351.438;en;
110;Animais Perigosos;05/06/2025;6.8;28;346.434;en;Uma surfista esperta e de espírito livre (Hassie Harrison) é sequestrada por um serial killer obcecado por tubarões (Jai Courtney). Mantida em cativeiro em seu barco, ela precisa descobrir como escapar antes que ele realize um ritual para alimentar os tubarões lá embaixo.
111;My Massive Cock;24/10/2022;6.222;9;345.987;en;
112;Nas Terras Perdidas;27/02/2025;6.5;551;343.326;en;Uma rainha, desesperada para ganhar o dom da mudança de forma, toma uma atitude ousada: contrata a feiticeira Gray Alys, uma mulher tão temida quanto poderosa. Enviada para a selva fantasmagórica das Terras Perdidas, Alys e seu guia, o andarilho Boyce, devem enganar e lutar contra o homem e o diabo em uma fábula que explora a natureza do bem e do mal, da dívida e da satisfação, do amor e da perda.
113;新婚シリーズ　最初が肝心;07/02/1962;10.0;1;34.298;ja;
114;Robô Selvagem;12/09/2024;8.316;5187;338.997;en;Um robô – unidade ROZZUM 7134, abreviadamente “Roz” – naufraga em uma ilha desabitada e deve aprender a se adaptar ao ambiente hostil, gradualmente construindo relacionamentos com os animais da ilha e se tornando o pai adotivo de um filhote de ganso órfão.
115;Conversando sobre Round 6;26/06/2025;8.3;7;336.529;ko;Assista à conversa com o diretor e o elenco de Round 6. Reviva momentos marcantes e ouça histórias inéditas sobre tudo o que viveram juntos.
116;A Fanfarra;27/11/2024;7.382;304;335.676;fr;
117;Jurassic World: O Mundo dos Dinossauros;06/06/2015;6.7;20858;33.186;en;Vinte e dois anos depois dos acontecimentos em Jurassic Park, a Isla Nublar foi transformada num enorme parque temático bem sucedido, o Jurassic Wold, com versões “domesticadas” de alguns dos dinossauros mais conhecidos. Quando tudo parece correr bem e ser o negócio do século, um novo dinossauro de espécie desconhecida, por ter sido criado através da manipulação genética de seu DNA, e que se revela muito mais inteligente do que se pensava, escapa de seu confinamento e começa a causar estragos entre os visitantes do Parque.
118;Demon Slayer: Mugen Train - O Filme;16/10/2020;8.205;4132;331.437;ja;Tanjiro Kamado, junto com Inosuke Hashibira, um garoto criado por javalis que usa uma cabeça de javali, e Zenitsu Agatsuma, um garoto assustado que revela seu verdadeiro poder quando dorme, embarca no Trem Infinito em uma nova missão com o Hashira de Fogo, Kyojuro Rengoku, para derrotar um demônio que tem atormentado o povo e matado os caçadores de oni que se opõem a ele!
119;Venom: A Última Rodada;22/10/2024;6.7;3580;328.776;en;Eddie e Venom estão fugindo. Perseguidos pelos dois mundos, a dupla é forçada a tomar uma decisão devastadora que vai fechar as cortinas da última rodada de Venom e Eddie.
120;Gladiador 2;13/11/2024;6.684;3674;328.684;en;Anos depois de testemunhar a trágica morte do reverenciado herói Maximus nas mãos de seu tio malvado, Lucius se vê forçado a lutar no Coliseu depois que sua terra natal é conquistada por dois imperadores tirânicos, que agora governam Roma. Com o coração ardendo de raiva e o destino do Império pendurado por um fio, Lucius deve enfrentar perigos e inimigos, redescobrindo em seu passado a força e a honra necessárias para trazer a glória de Roma de volta ao seu povo. Prepare-se para uma jornada épica de coragem e vingança na sangrenta arena do Coliseu.
121;Hell of a Summer;03/04/2025;5.627;63;306.679;en;
122;Jurassic World: Reino Ameaçado;06/06/2018;6.541;12202;30.729;en;Quatro anos após o fechamento do Jurassic World, um vulcão prestes a entrar em erupção põe em risco a vida na ilha Nublar. No local não há mais qualquer presença humana, com os dinossauros vivendo livremente. Diante da situação, é preciso tomar uma decisão: deve-se retornar à ilha para salvar os animais ou abandoná-los para uma nova extinção? Decidida a resgatá-los, Claire convoca Owen a retornar à ilha com ela.
123;부부 교환 - 무삭제;16/03/2023;9.5;2;305.397;ko;
124;Anora;14/10/2024;7.042;2419;309.166;en;Anora, uma jovem profissional do sexo que trabalha nas noites do Brooklyn, pode se tornar a Cinderela da sua própria história quando encontra e casa, por impulso, com o filho de um oligarca russo. Mas quando a notícia chega à Rússia, seu conto de fadas fica ameaçado com a chegada dos pais dele a Nova York para cancelar o casamento.
125;Titanic;18/11/1997;7.906;26160;313.791;en;Um artista pobre e uma jovem rica se conhecem e se apaixonam na fatídica jornada do Titanic, em 1912. Embora esteja noiva do arrogante herdeiro de uma siderúrgica, a jovem desafia sua família e amigos em busca do verdadeiro amor.
126;Os Vingadores: The Avengers;25/04/2012;7.777;32455;321.274;en;Loki, o irmão de Thor, ganha acesso ao poder ilimitado do cubo cósmico ao roubá-lo de dentro das instalações da S.H.I.E.L.D. Nick Fury, o diretor desta agência internacional que mantém a paz, logo reúne os únicos super-heróis que serão capazes de defender a Terra de ameaças sem precedentes. Homem de Ferro, Capitão América, Hulk, Thor, Viúva Negra e Gavião Arqueiro formam o time dos sonhos de Fury, mas eles precisam aprender a colocar os egos de lado e agir como um grupo em prol da humanidade.
127;Demon Slayer: Mugen Train - O Filme;16/10/2020;8.205;4132;331.437;ja;Tanjiro Kamado, junto com Inosuke Hashibira, um garoto criado por javalis que usa uma cabeça de javali, e Zenitsu Agatsuma, um garoto assustado que revela seu verdadeiro poder quando dorme, embarca no Trem Infinito em uma nova missão com o Hashira de Fogo, Kyojuro Rengoku, para derrotar um demônio que tem atormentado o povo e matado os caçadores de oni que se opõem a ele!
128;Detetive Chinatown: O Mistério de 1900;29/01/2025;6.4;71;317.855;zh;Chinatown, São Francisco, 1900. A filha de um congressista que odeia imigrantes asiáticos é assassinada e o principal suspeito é o filho de Bai Xuanling, homem de grande influência no bairro chinês. O crime revolta e joga a população da cidade contra os chineses, exigindo o fechamento do distrito. Para tentar salvar o filho e evitar a perseguição a seu povo, Bai Xuanling recorre ao jovem “mestre do raciocínio” Qin Fu, que se associa a Ah Gui, homem que chegou à cidade para vingar seu pai adotivo. Juntos, os dois tentam descobrir o que realmente aconteceu.
129;K.O.;05/06/2025;6.587;196;301.629;fr;Um ex-lutador precisa encontrar o filho desaparecido de um adversário que matou acidentalmente há vários anos. Para isso, ele vai ter que encarar uma gangue violenta.
130;A Fanfarra;27/11/2024;7.382;304;335.676;fr;
131;Ne Zha 2: O Renascer da Alma;29/01/2025;8.1;186;316.149;zh;Após uma grande catástrofe, as almas de Ne Zha e Ao Bing são salvas, mas seus corpos enfrentam a ruína. Para lhes dar uma nova vida, Taiyi Zhenren recorre à mística lótus de sete cores em uma ousada tentativa de reconstruí-los e mudar seus destinos.
132;Gladiador 2;13/11/2024;6.685;3673;328.684;en;Anos depois de testemunhar a trágica morte do reverenciado herói Maximus nas mãos de seu tio malvado, Lucius se vê forçado a lutar no Coliseu depois que sua terra natal é conquistada por dois imperadores tirânicos, que agora governam Roma. Com o coração ardendo de raiva e o destino do Império pendurado por um fio, Lucius deve enfrentar perigos e inimigos, redescobrindo em seu passado a força e a honra necessárias para trazer a glória de Roma de volta ao seu povo. Prepare-se para uma jornada épica de coragem e vingança na sangrenta arena do Coliseu.
133;Until Dawn: Noite de Terror;23/04/2025;6.566;830;313.161;en;Um ano após o misterioso desaparecimento de sua irmã Melanie, Clover e seus amigos partem para o vale remoto onde o desaparecimento aconteceu em busca de respostas. Ao explorarem um centro de visitantes abandonado, eles acabam sendo caçados por um assassino mascarado e mortos brutalmente um a um... apenas para acordarem no dia seguinte e se encontrarem novamente no começo da mesma tarde. Presos no vale, eles são forçados a reviverem a mesma noite de novo e de novo, com a única mudança sendo a ameaça assassina, cada vez mais assustadora que a última. Com as esperanças no fim, o grupo logo percebe que eles têm apenas mais um limitado número de mortes disponível, e que a única maneira de escaparem é se sobreviverem até o amanhecer.
134;Nudus;11/04/2024;4.0;1;1.013.159;es;
135;Alguém Especial como Você;11/07/2025;7.1;9;309.066;hi;Shrirenu segue as tradições. Madhu é livre, leve e solta. Quando os dois se encontram, começa um romance fofo, mas meio desajeitado e marcado pelo patriarcado.
136;Ligaw;09/05/2025;7.5;2;29.736;tl;
137;Velozes & Furiosos 10;17/05/2023;7.0;5963;32.382;en;O fim da estrada está chegando. Velozes & Furiosos 10, é o décimo filme da franquia Velozes & Furiosos, lança os capítulos finais de uma grande saga, uma das mais famosas e populares do cinema, agora com sua terceira década e ainda mais forte. Com o mesmo elenco e personagens principais de quando começou. Ao longo de muitas missões e lutando contra todos os obstáculos impossíveis, Dom Toretto (Vin Diesel) e sua família foram mais espertos, mais furiosos e mais rápidos do que todos os inimigos em seu caminho. Agora, eles enfrentam o seu oponente mais letal: uma ameaça terrível das sombras do passado, alimentada por sede de vingança e determinada a destruir esta família.
138;Kraven: O Caçador;11/12/2024;6.5;1877;287.438;en;Sergei Kravinoff é um grande caçador, que toma um soro mágico que lhe dá habilidades sobre-humanas e uma vida mais longa.
139;Mulher-Maravilha;30/05/2017;7.2;20335;31.659;en;Treinada desde cedo para ser uma guerreira imbatível, Diana Prince nunca saiu da paradisíaca ilha em que é reconhecida como Princesa das Amazonas. Quando o piloto Steve Trevor se acidenta e cai numa praia do local, ela descobre que uma guerra sem precedentes está se espalhando pelo mundo e decide deixar seu lar certa de que pode parar o conflito. Lutando para acabar com todas as lutas, Diana percebe o alcance de seus poderes e sua verdadeira missão na Terra.
140;Snow White;07/03/2025;7.176;17;282.257;en;
141;Peça-me o Que Quiser;29/11/2024;6.216;227;290.479;es;Após a morte de seu pai, Eric Zimmerman viaja para a Espanha para supervisionar as filiais de sua empresa. Em Madri, ele se apaixona por Judith e se envolve em um relacionamento intenso e erótico cheio de exploração. Eric teme que seu segredo possa acabar com o caso deles.
142;罗小黑战记 2;18/07/2025;8.6;8;289.273;zh;
143;Kraven: O Caçador;11/12/2024;6.5;1877;287.438;en;Sergei Kravinoff é um grande caçador, que toma um soro mágico que lhe dá habilidades sobre-humanas e uma vida mais longa.
144;ليل;07/09/2024;10.0;3;285.628;ar;
145;Seeds;25/10/2024;5.864;11;28.372;en;
146;O Homem de Aço;12/06/2013;6.633;15539;283.326;en;Um garoto descobre que não é deste planeta e que tem poderes extraordinários. Quando se torna adolescente, viaja para descobrir de onde veio e para o quê foi enviado a fazer. Mas o herói nele deve emergir se quiser salvar o mundo da aniquilação e se tornar o símbolo de esperança para toda a humanidade.
147;Snow White;07/03/2025;7.176;17;282.257;en;
148;Avatar: Fogo e Cinzas;17/12/2025;0.0;0;280.967;en;Após a devastadora guerra contra a RDA e a perda de seu filho mais velho, Jake Sully e Neytiri enfrentam uma nova ameaça em Pandora: o Povo das Cinzas, uma tribo Na'vi violenta e sedenta por poder, liderada pelo implacável Varang. A família de Jake deve lutar por sua sobrevivência e pelo futuro de Pandora em um conflito que os leva aos seus limites emocionais e físicos.
149;Batman;01/03/2022;7.659;11063;280.459;en;Em seu segundo ano de combate ao crime, Batman descobre corrupção em Gotham City que se conecta à sua própria família enquanto enfrenta um serial killer conhecido como Charada.
150;Oppenheimer;19/07/2023;8.056;10468;277.686;en;A história do físico americano J. Robert Oppenheimer, seu papel no Projeto Manhattan e no desenvolvimento da bomba atômica durante a Segunda Guerra Mundial, e o quanto isso mudaria a história do mundo para sempre.
151;Ainda Sou uma Superstar;17/07/2025;6.5;6;275.688;es;Este documentário analisa a ascensão meteórica de Yurena como Tamara, os escândalos na mídia na década de 2000 e as vidas atuais de seus rivais.
152;Flow;29/08/2024;8.17;2136;274.637;lv;Gato é um animal solitário, mas quando seu lar é destruído por uma grande inundação, ele encontra refúgio em um barco habitado por diversas espécies, tendo que se juntar a elas apesar das diferenças.
153;Vanished Out of Sight;19/06/2025;5.5;2;273.725;en;
154;Barbie;18/06/2023;6.971;10107;27.341;en;"No mundo mágico das Barbies, ""Barbieland"", uma das bonecas começa a perceber que não se encaixa como as outras. Depois de ser expulsa, ela parte para uma aventura no ""mundo real"", onde descobre que a beleza está no interior de cada um."
155;Maze Runner: Correr ou Morrer;10/09/2014;7.191;17445;270.747;en;Num cenário pós-apocalíptico, uma comunidade de rapazes descobre que estão presos num labirinto misterioso. Juntos, terão de descobrir como escapar, resolver o enigma e revelar o arrepiante segredo acerca de quem os colocou ali e por que razão.
156;O Poderoso Chefão;14/03/1972;8.687;21638;270.321;en;Em 1945, Don Corleone é o chefe de uma mafiosa família italiana de Nova York. Ele costuma apadrinhar várias pessoas, realizando importantes favores para elas, em troca de favores futuros. Com a chegada das drogas, as famílias começam uma disputa pelo promissor mercado. Quando Corleone se recusa a facilitar a entrada dos narcóticos na cidade, não oferecendo ajuda política e policial, sua família começa a sofrer atentados para que mudem de posição. É nessa complicada época que Michael, um herói de guerra nunca envolvido nos negócios da família, vê a necessidade de proteger o seu pai e tudo o que ele construiu ao longo dos anos.
157;John Wick 4: Baba Yaga;22/03/2023;7.724;7228;270.303;en;Com o preço por sua cabeça cada vez maior, John Wick leva sua luta contra a alta mesa global enquanto procura os jogadores mais poderosos do submundo, de Nova York a Paris, de Osaka a Berlim.
158;Homem-Aranha: Sem Volta Para Casa;15/12/2021;7.943;20920;268.315;en;Peter Parker é desmascarado e não consegue mais separar sua vida normal dos grandes riscos de ser um super-herói. Quando ele pede ajuda ao Doutor Estranho, os riscos se tornam ainda mais perigosos, e o forçam a descobrir o que realmente significa ser o Homem-Aranha...
159;À Espera de um Milagre;10/12/1999;8.504;18219;26.755;en;Milagres acontecem em lugares inesperados, mesmo no bloco de celas para o corredor da morte na Penitenciária Cold Mountain. Lá, John Coffey, um gentil e gigante prisioneiro com poderes sobrenaturais, traz um senso de espírito e humanidade aos seus guardas e colegas de cela.
160;Vingadores: Guerra Infinita;25/04/2018;8.236;30746;267.123;en;Homem de Ferro, Thor, Hulk e os Vingadores se unem para combater seu inimigo mais poderoso, o maligno Thanos. Em uma missão para coletar todas as seis pedras infinitas, Thanos planeja usá-las para infligir sua vontade maléfica sobre a realidade.
161;Sovereign;11/07/2025;6.738;21;211.353;en;Pai e filho, que se identificam como Cidadãos Soberanos, um grupo de extremistas antigovernamentais, se veem em um impasse com um chefe de polícia, o que dá início a uma caçada humana.
162;Peça-me o Que Quiser;29/11/2024;6.216;227;290.479;es;Após a morte de seu pai, Eric Zimmerman viaja para a Espanha para supervisionar as filiais de sua empresa. Em Madri, ele se apaixona por Judith e se envolve em um relacionamento intenso e erótico cheio de exploração. Eric teme que seu segredo possa acabar com o caso deles.
163;O Poderoso Chefão;14/03/1972;8.687;21638;270.321;en;Em 1945, Don Corleone é o chefe de uma mafiosa família italiana de Nova York. Ele costuma apadrinhar várias pessoas, realizando importantes favores para elas, em troca de favores futuros. Com a chegada das drogas, as famílias começam uma disputa pelo promissor mercado. Quando Corleone se recusa a facilitar a entrada dos narcóticos na cidade, não oferecendo ajuda política e policial, sua família começa a sofrer atentados para que mudem de posição. É nessa complicada época que Michael, um herói de guerra nunca envolvido nos negócios da família, vê a necessidade de proteger o seu pai e tudo o que ele construiu ao longo dos anos.
164;Mickey 17;28/02/2025;6.883;2419;260.757;en;Mickey faz parte de um programa espacial de colonização e sempre é enviado para missões perigosas, quase suicidas. Se morrer, ele é clonado e boa parte de suas memórias são recuperadas. Mas, após seis mortes, ele começa a entender o porquê de seu cargo nunca ter sido ocupado antes.
165;Homem-Aranha: Sem Volta Para Casa;15/12/2021;7.9;20919;268.315;en;Peter Parker é desmascarado e não consegue mais separar sua vida normal dos grandes riscos de ser um super-herói. Quando ele pede ajuda ao Doutor Estranho, os riscos se tornam ainda mais perigosos, e o forçam a descobrir o que realmente significa ser o Homem-Aranha...
166;Ainda Sou uma Superstar;17/07/2025;6.5;6;275.688;es;Este documentário analisa a ascensão meteórica de Yurena como Tamara, os escândalos na mídia na década de 2000 e as vidas atuais de seus rivais.
167;Um Sonho de Liberdade;23/09/1994;8.712;28570;259.339;en;Em 1946, Andy Dufresne, um banqueiro jovem e bem sucedido, tem a sua vida radicalmente modificada ao ser condenado por um crime que nunca cometeu, o homicídio de sua esposa e do amante dela. Ele é mandado para uma prisão que é o pesadelo de qualquer detento, a Penitenciária Estadual de Shawshank, no Maine. Lá ele irá cumprir a pena perpétua. Andy logo será apresentado a Warden Norton, o corrupto e cruel agente penitenciário, que usa a Bíblia como arma de controle e ao Capitão Byron Hadley que trata os internos como animais. Andy faz amizade com Ellis Boyd Redding, um prisioneiro que cumpre pena há 20 anos e controla o mercado negro da instituição.
168;Top Gun: Maverick;21/05/2022;8.2;10031;260.795;en;"Depois de mais de 30 anos de serviço como um dos principais aviadores da Marinha, Pete ""Maverick"" Mitchell está de volta, rompendo os limites como um piloto de testes corajoso. No mundo contemporâneo das guerras tecnológicas, Maverick enfrenta drones e prova que o fator humano ainda é essencial."
169;O Macaco;14/02/2025;6.0;825;249.391;en;Dois irmãos gêmeos encontram um macaco de brinquedo que pertenceu ao seu pai. Quando percebem coisas sinistras acontecendo à sua volta, os dois se desfazem do boneco e seguem com suas vidas. Após anos afastados, eventos terríveis começam a se desdobrar e os irmãos precisam se reunir para destruir o brinquedo antes que todos que amam morram.
170;Vanished Out of Sight;19/06/2025;5.5;2;273.725;en;
171;Sorria 2;16/10/2024;6.592;1669;234.999;en;A sequência vai girar em torno de Quinn Parsons (vivida por Naomi Scott, de Aladdin), uma cantora miserável em turnê que está tentando se recuperar do seu vício em drogas. Ela se tornará alvo da entidade do primeiro filme após seu traficante lhe passar a maldição.
172;O Senhor dos Anéis: A Sociedade do Anel;18/12/2001;8.423;26169;263.486;en;Em uma terra fantástica e única, um hobbit recebe de presente de seu tio um anel mágico e maligno que precisa ser destruído antes que caia nas mãos do mal. Para isso, o hobbit Frodo tem um caminho árduo pela frente, onde encontra perigo, medo e seres bizarros. Ao seu lado para o cumprimento desta jornada, ele aos poucos pode contar com outros hobbits, um elfo, um anão, dois humanos e um mago, totalizando nove pessoas que formam a Sociedade do Anel.
173;Os Caras Malvados 2;25/07/2025;9.0;2;256.308;en;Os agora reformados Bad Guys estão tentando (muito, muito mesmo) ser bons, mas em vez disso se veem sequestrados para um assalto de alto risco e alcance mundial, arquitetado por uma nova equipe de criminosos que eles nunca imaginaram: as Bad Girls.
174;Exterritorial;29/04/2025;6.737;516;237.066;de;O filho da ex-militar Sara desapareceu em um consulado americano. Ela fará de tudo para encontrá-lo, inclusive encarar uma conspiração sombria.
175;A Lenda de Ochi;18/04/2025;6.329;149;254.793;en;Em uma vila remota na ilha de Carpathia, uma tímida garota de fazenda chamada Yuri foi criada para temer uma espécie animal conhecida como Ochi. Mas, quando Yuri descobre que um bebê Ochi ferido foi abandonado, ela parte em uma aventura para levá-lo para casa.
176;Batman vs Superman: A Origem da Justiça;23/03/2016;5.983;18384;245.166;en;Temendo que as ações de um super-herói divino não tenham sido controladas, o formidável e vigoroso vigilante de Gotham City enfrenta o salvador mais reverenciado e moderno de Metrópolis, enquanto o mundo luta com o tipo de herói que realmente precisa. E com Batman e Superman em guerra um contra o outro, uma nova ameaça rapidamente surge, colocando a humanidade em maior perigo do que nunca antes.
177;Alien - Romulus;13/08/2024;7.194;3803;248.637;en;Enquanto vasculham as profundezas de uma estação espacial abandonada, um grupo de jovens colonizadores espaciais se depara com a forma de vida mais aterrorizante do universo.
178;Maze Runner: Correr ou Morrer;10/09/2014;7.191;17445;270.747;en;Num cenário pós-apocalíptico, uma comunidade de rapazes descobre que estão presos num labirinto misterioso. Juntos, terão de descobrir como escapar, resolver o enigma e revelar o arrepiante segredo acerca de quem os colocou ali e por que razão.
179;Ameaça no Ar;22/01/2025;6.038;859;248.699;en;Um piloto de avião transporta um agente federal e um fugitivo para julgamento através das montanhas do Alasca. A tensão aumenta quando verdades são reveladas e ninguém a bordo parecem ser quem realmente são.
180;Novocaine: À Prova de Dor;12/03/2025;6.896;986;250.654;en;Quando a garota de seus sonhos é sequestrada, Nathan, um homem comum, transforma sua condição de não sentir dor em sua maior força para recuperar a amada das garras dos criminosos.
181;As Crônicas de Nárnia: O Leão, a Feiticeira e o Guarda-Roupa;07/12/2005;7.134;10992;248.183;en;Durante os bombardeios da Segunda Guerra Mundial de Londres, quatro irmãos ingleses são enviados para uma casa de campo onde eles estarão seguros. Um dia, Lucy encontra um guarda-roupa que a transporta para um mundo mágico chamado Nárnia. Depois de voltar, ela logo volta a Nárnia com seus irmãos, Peter e Edmund, e sua irmã, Susan. Lá eles se juntam ao leão mágico, Aslan, na luta contra a Feiticeira Branca.
182;Hotel Desire;07/12/2011;6.173;127;246.835;de;O filme conta a história de mãe solteira Antonia. Nos oito anos que se passaram desde o nascimento de seu filho, ela parou para tomar, além de deveres maternos e seu lugar como uma mulher. E parece que ela já chegou a um acordo com o seu triste destino. Resignada, ela observa que é para os homens da sua idade tornaram-se aparentemente invisível. Eles rotineiramente realizada neste dia insuportavelmente quente, o seu trabalho no Mare Mira hotel. É um dia como todos os outros. Até seu caminho cruza com um convidado que vê o mundo com olhos diferentes ...
183;Batman vs Superman: A Origem da Justiça;23/03/2016;5.983;18385;245.166;en;Temendo que as ações de um super-herói divino não tenham sido controladas, o formidável e vigoroso vigilante de Gotham City enfrenta o salvador mais reverenciado e moderno de Metrópolis, enquanto o mundo luta com o tipo de herói que realmente precisa. E com Batman e Superman em guerra um contra o outro, uma nova ameaça rapidamente surge, colocando a humanidade em maior perigo do que nunca antes.
184;Homem de Ferro;30/04/2008;7.653;27130;244.434;en;Tony Stark é um industrial bilionário, que também é um brilhante inventor. Ao ser sequestrado ele é obrigado por terroristas a construir uma arma devastadora mas, ao invés disto, constrói uma armadura de alta tecnologia que permite que fuja de seu cativeiro. A partir de então ele passa a usá-la para combater o crime, sob o alter ego do Homem de Ferro.
185;Caos e Destruição;25/04/2025;6.5;933;243.776;en;Um roubo de drogas sai do controle, levando um policial a encarar o submundo de uma cidade corrupta para salvar o filho de um político importante.
186;Lilo & Stitch;21/06/2002;7.559;6703;242.889;en;Lilo é uma garotinha de cinco anos que ama cuidar de animais. Um dia ela adota um cachorro e decide chamá-lo de Stitch. O que ela não sabe é que Stitch é um alienígena e um dos criminosos mais perigosos da galáxia. Agora, para escapar de seus captores que ainda o persegue, Stitch decide se passar por um cachorro comum, criando com o tempo um laço de amizade com Lilo.
187;Homem-Aranha: Através do Aranhaverso;31/05/2023;8.347;7716;240.338;en;Miles Morales retorna para o próximo capítulo da saga do Aranhaverso, uma aventura épica que transportará o Homem-Aranha em tempo integral e amigável do bairro do Brooklyn através do Multiverso para unir forças com Gwen Stacy e uma nova equipe de Homens-Aranha para enfrentar com um vilão mais poderoso do que qualquer coisa que eles já encontraram.
188;Salvaje despertar;23/10/2016;5.3;20;239.573;es;
189;A Mistake;20/09/2024;6.2;56;237.891;en;Uma exploração emocionante de um efeito dominó perigoso que pode ser ativado por um simples erro humano. Quando a experiente cirurgiã Liz Taylor decide deixar seu novo residente, Richard Whitehead, ficar encarregado de algumas pequenas mas delicadas decisões durante uma cirurgia de rotina, um erro é feito e não pode ser corrigido.
190;Exterritorial;29/04/2025;6.737;516;237.066;de;O filho da ex-militar Sara desapareceu em um consulado americano. Ela fará de tudo para encontrá-lo, inclusive encarar uma conspiração sombria.
191;Avatar: O Caminho da Água;14/12/2022;7.612;12690;236.786;en;12 anos depois de explorar Pandora e se juntar aos Na'vi, Jake Sully formou uma família com Neytiri e se estabeleceu entre os clãs do novo mundo. Porém, a paz não durará para sempre.
192;Como Eu Era Antes de Você;01/06/2016;7.93;12737;236.295;en;Will é um garoto rico e bem-sucedido, até sofrer um grave acidente que o deixa preso a uma cadeira de rodas. Ele está profundamente depressivo e contrata uma garota do campo para cuidar dele. Ela sempre levou uma vida modesta, com dificuldades financeiras e problemas no trabalho, mas está disposta a provar para Will que ainda existem razões para viver.
193;Sorria 2;16/10/2024;6.592;1669;234.999;en;A sequência vai girar em torno de Quinn Parsons (vivida por Naomi Scott, de Aladdin), uma cantora miserável em turnê que está tentando se recuperar do seu vício em drogas. Ela se tornará alvo da entidade do primeiro filme após seu traficante lhe passar a maldição.
194;Coraline e o Mundo Secreto;05/02/2009;7.897;8468;233.317;en;Entediada em sua nova casa, a pequena Coraline descobre uma porta secreta que contém um mundo parecido com o dela, porém melhor em muitas maneiras. Coraline se encanta com a descoberta, mas logo descobre que há algo de errado quando seus pais alternativos tentam mantê-la eternamente nesse mundo paralelo.
195;A Meia-irmã Feia;07/03/2025;7.244;271;233.286;no;"Em um reino de conto de fadas onde a beleza é um negócio brutal, Elvira luta para competir com sua meia-irmã incrivelmente linda, e ela fará de tudo para chamar a atenção do príncipe. Uma versão moderna e bem diferente do Conto da ""Cinderela""."
196;Invocação do Mal;18/07/2013;7.539;11960;233.191;en;Harrisville, Rhode Island, Estados Unidos, 1968. Os investigadores paranormais Ed e Lorraine Warren trabalham para ajudar uma família aterrorizada por uma presença sombria em sua fazenda. Forçados a confrontar uma entidade poderosa, os Warrens se vêem presos no caso mais aterrorizante de suas vidas. Baseado numa história real.
197;Wicked;20/11/2024;6.935;2275;231.461;en;"Elphaba é uma jovem como outra qualquer do Reino de Oz, mas incompreendida por causa de sua pele verde incomum e por ainda não ter descoberto seu verdadeiro poder. Sua rotina é tranquila e pouco interessante, mas ao iniciar seus estudos na Universidade de Shiz, seu destino encontra Glinda, uma jovem popular e ambiciosa, nascida em berço de ouro, que só quer garantir seus privilégios e ainda não conhece sua verdadeira alma. As duas iniciam uma inesperada amizade; no entanto, suas diferenças, como o desejo de Glinda pela popularidade e poder, e a determinação de Elphaba em permanecer fiel a si mesma, entram no caminho, o que pode perpetuar no futuro de cada uma e em como as pessoas de Oz as enxergam."
198;Harry Potter e a Câmara Secreta;13/11/2002;7.707;22670;231.459;en;Carros voadores, árvores que lutam e um misterioso elfo, com um aviso ainda mais misterioso. Harry Potter está pronto para dar início ao segundo ano de sua maravilhosa jornada no mundo da bruxaria. Em Hogwarts nesse ano, aranhas falam, cartas dão broncas e a habilidade de Harry para falar com cobras voltará contra ele. De clubes de duelo a jogadores de quadribol desonestos, esse será um ano de aventura e perigo para todos. Quando a mensagem sangrenta na parede anuncia que a Câmara Secreta foi aberta, Harry, Rony e Hermione percebem que para salvar Hogwarts será preciso muita mágica e coragem. Confira essa enfeitiçante adaptação do segundo livro da obra da escritora J.K. Rowling e prepare-se para ficar petrificado quando Harry Potter demonstrar que, mais que um bruxo, é um verdadeiro herói.
199;Duna: Parte Dois;27/02/2024;8.1;6853;230.249;en;A jornada de Paul Atreides continua. Ele está determinado a buscar vingança contra aqueles que destruíram sua família e seu lar. Com a ajuda de Chani e dos Fremen, ele embarca em uma jornada espiritual, mística e marcial. Se torna Muad'Dib, o líder messiânico dos Fremen, enquanto luta para evitar um futuro sombrio que ele testemunhou em visões. No entanto, suas ações inadvertidamente desencadeiam uma Guerra Santa em seu nome, que se espalha pelo universo conhecido. Enquanto enfrenta escolhas difíceis entre o amor por Chani e o destino de seu povo, Paul precisa usar suas habilidades e conhecimentos para evitar o terrível futuro que previu.
200;Der Frühreifen-Report;16/08/1973;5.522;45;229.871;de;
201;Bad Boys: Até o Fim;05/06/2024;7.373;2979;228.253;en;Depois que seu falecido ex-capitão é incriminado, Lowrey e Burnett tentam limpar seu nome, apenas para acabarem se tornando os mais procurados de Miami.
202;Avatar;15/12/2009;7.6;32411;228.016;en;Apesar de não ter mais os movimentos da perna, o ex-fuzileiro naval Jake Sully ainda sente que pode ser um guerreiro. Sua intuição começa a se tornar realidade quando ele viaja anos-luz até a estação espacial montada no Planeta Pandora. Habitado por grandes seres azuis, os Na´vi, o local tem uma atmosfera fatal para qualquer terrestre. Por isso, oficiais criaram o programa Avatar, em que um corpo biológico, híbrido de humano e Na´vi, pode ser comandado a distância.
203;Bambi: Uma aventura na floresta;16/10/2024;5.9;32;227.412;fr;Em Bambi: Uma Aventura na Floresta, um jovem cervo que, ao lado da sabedoria e do amor da sua mãe, aprende lições necessárias para sobreviver na floresta. Com o carinho e a amizade dos outros animais, como o corvo, o coelho e o guaxinim, Bambi explora as maravilhas da natureza e se encanta com o mundo à sua volta. Com a chegada do outono, porém, a vida do pequeno cervo muda drasticamente, quando sua mãe morre nas mãos de caçadores, separando os dois para sempre. Sozinho e em luto, Bambi precisa canalizar toda a força materna aprendida para superar as adversidades. É através de um reencontro com a amiga de infância Faline e os conselhos do Príncipe da Floresta, um majestoso cervo que termina por ser seu pai, Bambi se prepara para os desafios e os perigos que o esperam. Sob a proteção paterna e o cultivo da esperança, Bambi amadurece e se fortalece, devagar assumindo o controle de seu destino e vivendo em harmonia apesar das dificuldades.
204;Parasita;30/05/2019;8.499;19267;226.771;ko;Toda a família de Ki-taek está desempregada, vivendo num porão sujo e apertado. Uma obra do acaso faz com que o filho adolescente da família comece a dar aulas de inglês à garota de uma família rica. Fascinados com a vida luxuosa destas pessoas, pai, mãe, filho e filha bolam um plano para se infiltrarem também na família glamorosa, um a um. No entanto, os segredos e mentiras necessários à ascensão social custarão caro a todos.
205;Given, o filme: Ao Mar;20/09/2024;7.429;7;226.758;ja;Enquanto todos ao seu redor estão decididos a viver de música, Mafuyu se sente preso e com medo do que o futuro lhe reserva.
206;Crepúsculo;20/11/2008;6.286;13869;225.611;en;Isabella Swan é uma adolescente que vai morar com seu pai em uma nova cidade depois que sua mãe decide casar-se novamente. No colégio, ela fica fascinada por Edward Cullen, um garoto que esconde um segredo obscuro. Eles se apaixonam, mas Edward sabe que quanto mais avançam no relacionamento, mais ele está colocando Bella e aqueles à sua volta em perigo.
207;Quarteto Fantástico;29/06/2005;5.79;9540;225.524;en;O cientista Reed Richards convence seu arrogante colega Victor von Doom a financiar seus experimentos com energia cósmica. Na estação espacial Von Doom, a tripulação, incluindo o astronauta Ben Grimm, a pesquisadora Sue Storm e o piloto Johnny Storm, é exposta a uma tempestade cósmica misteriosa que dá superpoderes a eles. Eles tentam lidar com suas transformações enquanto o detestável von Doom jura vingança.
208;L'alcova;21/01/1985;5.379;33;224.304;it;
209;Encantadora de Tubarões;30/06/2025;6.636;22;221.593;en;A conservacionista marinha e ativista Ocean Ramsey não tem medo de nadar com tubarões. Um documentário sobre a arriscada missão de proteger esses animais.
210;A Fonte da Juventude;19/05/2025;6.375;593;221.067;en;Um gênio da caça ao tesouro reúne uma equipe para uma aventura que pode mudar sua vida. Mas para enganar e fugir das ameaças a cada passo, ele precisará de alguém ainda mais inteligente do que ele: sua distante irmã.
211;Seven - Os Sete Crimes Capitais;22/09/1995;8.376;21880;220.938;en;Quando, a ponto de se aposentar, o detetive William Somerset aborda o último caso com a ajuda do recém-transferido David Mills, eles descobrem uma série de assassinatos. Logo percebem que estão lidando com um assassino que tem como alvo pessoas que ele acredita representar os sete pecados capitais.
212;Perdão em Tempos de Guerra;04/05/2023;6.0;4;220.843;ru;O jovem sargento Lyubomir Zukh, que nunca enfrentou o combate, abandona sua unidade por três horas para se despedir da namorada. Considerado desertor pela lei, ele é sentenciado com a pena de morte. Mas, será que o sistema pode encontrar uma maneira de perdoá-lo?
213;Se Beber, Não Case!;02/06/2009;7.325;17351;220.719;en;Dois dias antes de seu casamento, Doug e três amigos vão de carro até Las Vegas para uma louca e memorável despedida de solteiro. Quando os três padrinhos acordam na manhã seguinte, eles não conseguem se lembrar de nada e notam que Doug desapareceu. Com pouco tempo de sobra, os amigos tentam refazer a noite anterior e encontrar Doug para que possam levá-lo de volta a Los Angeles a tempo de chegar ao altar.
214;Clube da Luta;15/10/1999;8.437;30496;218.585;en;Um homem deprimido que sofre de insônia conhece um estranho vendedor de sabonetes chamado Tyler Durden. Eles formam um clube clandestino com regras rígidas onde lutam com outros homens cansados de suas vidas mundanas. Mas sua parceria perfeita é comprometida quando Marla chama a atenção de Tyler.
215;Piratas do Caribe: A Maldição do Pérola Negra;09/07/2003;7.811;21269;216.866;en;O pirata Jack Sparrow tem seu navio saqueado e roubado pelo capitão Barbossa e sua tripulação. Com o navio de Sparrow, Barbossa invade a cidade de Port Royal, levando consigo Elizabeth Swann, filha do governador. Para recuperar sua embarcação, Sparrow recebe a ajuda de Will Turner, um grande amigo de Elizabeth. Eles desbravam os mares em direção à misteriosa Ilha da Morte, tentando impedir que os piratas-esqueleto derramem o sangue de Elizabeth para desfazer a maldição que os assola.
216;Ghostlight;14/06/2024;7.305;59;21.671;en;
217;Predador: Terras Selvagens;05/11/2025;0.0;0;215.882;en;No futuro, em um planeta remoto, um jovem Predador, rejeitado por seu clã, encontra em Thia uma aliada improvável e embarca em uma jornada traiçoeira em busca do adversário supremo.
218;Liga da Justiça de Zack Snyder;18/03/2021;8.116;10304;21.586;en;Determinado a garantir que o sacrifício final do Superman não foi em vão, Bruce Wayne alinha forças com Diana Prince com planos de recrutar uma equipe de metahumanos para proteger o mundo de uma ameaça de proporções catastróficas que se aproxima.
219;Matrix;31/03/1999;8.229;26586;215.484;en;Thomas Anderson, um jovem programador de computador que mora em um cubículo escuro, é atormentado por estranhos pesadelos nos quais encontra-se conectado por cabos e contra sua vontade, em um imenso sistema de computadores do futuro. Em todas essas ocasiões, acorda gritando no exato momento em que os eletrodos estão para penetrar em seu cérebro. À medida que o sonho se repete, Anderson começa a ter dúvidas sobre a realidade. Por meio do encontro com os misteriosos Morpheus e Trinity, Thomas descobre que é, assim como outras pessoas, vítima da Matrix, um sistema inteligente e artificial que manipula a mente das pessoas, criando a ilusão de um mundo real enquanto usa os cérebros e corpos dos indivíduos para produzir energia. Morpheus, entretanto, está convencido de que Thomas é Neo, o aguardado messias capaz de enfrentar a Matrix e conduzir as pessoas de volta à realidade e à liberdade.
220;Transformers: O Despertar das Feras;06/06/2023;7.221;4967;215.274;en;Nesta aventura cheia de adrenalina, Optimus Prime e os Autobots enfrentam seu maior desafio até agora. Quando uma nova ameaça capaz de destruir todo o planeta surge, eles devem se unir a uma poderosa facção conhecida como os Maximals. Com o destino da humanidade em jogo, Noah (Anthony Ramos) e Elena (Dominique Fishback) farão o que for preciso para ajudar os Transformers na batalha final para salvar a Terra.
221;After;11/04/2019;7.12;8371;214.968;en;Tessa Young é uma jovem com uma vida simples, ótimas notas na escola, muitos amigos e um bom namorado. Todos os próximos passos de sua vida já estão planejados, mas as coisas mudam quando ela conhece um homem atraente e cheio de segredos sombrios.
222;Superman: O Filme;14/12/1978;7.1;4011;214.202;en;Jor-El, um renomado cientista, prevê a destruição do seu planeta e alerta o governo, que não lhe dá credito. Assim, decide salvar seu filho, mandando-o ao planeta Terra, onde terá superpoderes. Na Terra, ele usa o nome de Clark Kent e, já adulto, trabalha como repórter em um jornal, não demonstra ter superpoderes. Mas quando uma situação inesperada põe em risco a vida de Lois Lane, uma colega de trabalho, ele é obrigado a se revelar para o público, ficando conhecido popularmente como Superman. Descontente com o surgimento de um super-herói na cidade, Lex Luthor, um gênio do mal, o obriga a se desdobrar para evitar a morte de milhões de pessoas.
223;Operação Natal;31/10/2024;7.0;2580;213.759;en;Depois que o Papai Noel – codinome: Das Neves – é sequestrado, o Chefe de Segurança do Polo Norte deve se unir ao mais infame caçador de recompensas do mundo em uma missão global e cheia de ação para salvar o Natal.
224;Super Mario Bros. O Filme;05/04/2023;7.6;9831;213.035;en;Os irmãos Mario e Luigi, de ascendência italiana, vivem em Brooklyn (Nova Iorque), onde trabalham como canalizadores. Certo dia, durante um serviço de reparação de uma conduta de água, são sugados por um tubo e transportados para o Reino Cogumelo, um universo paralelo governado pela Princesa Peach. Sem saber do paradeiro do irmão, Mario vai ter de aprender a sobreviver naquele lugar, adquirindo capacidades bizarras mas que serão grandes mais-valias para destruir os planos de Bowser, um verdadeiro vilão que tenciona dominar o mundo.
225;Toy Story: Um Mundo de Aventuras;22/11/1995;7.969;18974;212.338;en;Buzz Lightyear é o novo e sofisticado astronauta de brinquedo do garoto Andy. Buzz não imaginava que encontraria um rival: Woody, um cowboy de brinquedo que, dominado pelo ciúme, acredita ter perdido um lugar precioso no coração do seu dono. Os dois brinquedos vivem brigando até que vão parar nas garras do vizinho, um verdadeiro destruidor de brinquedos. Agora, mais do que nunca, Buzz e Woody precisam precisam se unir para escapar do perigo. Com a ajuda de seus amigos da caixa de brinquedos, eles vão viver uma incrível aventura.
226;Solo Leveling -Segundo Despertar-;26/11/2024;7.0;229;211.689;ja;Mais de uma década após o surgimento dos “portões” que ligam os mundos, despertando “caçadores” com superpoderes, o caçador mais fraco, Sung Jinwoo, encontra uma masmorra dupla e aceita uma missão misteriosa, tornando-se o único capaz de subir de nível, mudando seu destino. Uma recapitulação da primeira temporada, juntamente com uma prévia exclusiva dos dois primeiros episódios da tão esperada segunda temporada, em uma experiência teatral memorável para os fãs.
227;Sovereign;11/07/2025;6.738;21;211.353;en;Pai e filho, que se identificam como Cidadãos Soberanos, um grupo de extremistas antigovernamentais, se veem em um impasse com um chefe de polícia, o que dá início a uma caçada humana.
228;O Esquema Fenício;23/05/2025;6.737;405;210.835;en;"O excêntrico magnata Zsa-zsa Korda já sobreviveu a seis acidentes de avião e é pai de nove filhos homens e uma única menina, a freira Liesl. Ele determina que ela seja a única herdeira de seu patrimônio, mas antes, pede a ajuda da filha para garantir que seu projeto de vida saia do papel, o ""Korda Land and Sea Phoenician Infrasctructure Scheme"". Agora, eles precisarão viajar pelo mundo acompanhados pelo ingênuo tutor Bjorn negociar com empresários, empreiteiros e criminosos perigosos, confundindo-os sobre suas intenções para afastá-los do esquema."
229;Duna;15/09/2021;7.783;13736;209.451;en;Em um futuro distante, planetas são comandados por casas nobres que fazem parte de um império feudal intergalático. Paul Atreides é um jovem cuja família toma o controle do planeta deserto Arrakis, também conhecido como Duna. A única fonte da especiaria Melange, a substância mais importante do cosmos, Arrakis se mostra ser um planeta nem um pouco fácil de governar.
230;Sikandar;29/03/2025;4.8;56;208.329;hi;Um trágico acidente leva o poderoso Sikandar a proteger os menos afortunados, usando de todos os meios para enfrentar a corrupção e a ganância.
231;Shrek;18/05/2001;7.753;17822;205.511;en;Em um pântano distante vive Shrek, um ogro solitário que vê, sem mais nem menos, sua vida ser invadida por uma série de personagens de contos de fada, como três ratos cegos, um grande e malvado lobo e ainda três porcos que não têm um lugar onde morar. Todos eles foram expulsos de seus lares pelo maligno Lorde Farquaad. Determinado a recuperar a tranquilidade de antes, Shrek resolve encontrar Farquaad e com ele faz um acordo: todos os personagens poderão retornar aos seus lares se ele e seu amigo Burro resgatarem uma bela princesa, que é prisioneira de um dragão. Porém, quando Shrek e o Burro enfim conseguem resgatar a princesa logo eles descobrem que seus problemas estão apenas começando.
232;Matador de Aluguel;08/03/2024;6.952;2589;205.323;en;Um ex lutador de UFC aceita um trabalho como segurança em uma taberna em Florida Keys, apenas para descobrir que este não é o paraíso que parecia ser.
233;O Lobo de Wall Street;25/12/2013;8.028;24798;204.329;en;Durante seis meses, Jordan Belfort trabalhou duro em uma corretora de Wall Street, seguindo os ensinamentos de seu mentor Mark Hanna. Quando finalmente consegue ser contratado como corretor da firma, acontece o Black Monday, que faz com que as bolsas de vários países caiam repentinamente. Sem emprego e bastante ambicioso, ele acaba trabalhando para uma empresa de fundo de quintal que lida com papéis de baixo valor, que não estão na bolsa de valores. É lá que Belfort tem a idéia de montar uma empresa focada neste tipo de negócio, cujas vendas são de valores mais baixos mas, em compensação, o retorno para o corretor é bem mais vantajoso. Ao lado de Donnie e outros amigos dos velhos tempos, ele cria a Stratton Oakmont, uma empresa que faz com que todos enriqueçam rapidamente e, também, levem uma vida dedicada ao prazer.
234;Devara: Rei dos Mares - Parte 1;26/09/2024;7.0;197;203.521;te;Uma saga épica de ação ambientada em terras costeiras, que narra incidentes emocionantes e carregados de emoção na linha do tempo periódica, e cujo protagonista é o salvador dos desfavorecidos e o terror dos malfeitores.
235;A Trindade Profana;13/06/2025;6.57;43;203.233;en;Ambientado no turbulento cenário de Montana na década de 1870, momentos antes da execução de Isaac Broadway, ele dá ao seu filho distante, Henry, uma tarefa impossível: assassinar o homem que o incriminou por um crime que não cometeu. Determinado a cumprir sua promessa, Henry viaja para a remota cidade de Trinity, onde uma reviravolta inesperada o aprisiona na cidade e o deixa preso entre Gabriel Dove, o novo e honrado xerife da cidade, e uma figura misteriosa chamada São Cristóvão.
236;Acompanhante Perfeita;22/01/2025;7.079;1477;202.875;en;Josh e Iris parecem ser o casal ideal, até que um incidente mortal em uma viagem com amigos revela um segredo sombrio: Iris é uma androide criada para satisfazer Josh. E o que era para ser perfeito logo se torna incontrolável.
237;Aşk Sadece Bir An;14/02/2025;7.4;7;202.739;tr;
238;Corações de Ferro;15/10/2014;7.541;12388;201.886;en;Durante o final da Segunda Guerra Mundial, um grupo de cinco soldados americanos é encarregado de atacar os nazistas dentro da própria Alemanha. Apesar de estarem em quantidade inferior e terem poucas armas, eles são liderados pelo enfurecido Wardaddy, sargento que pretende levá-los à vitória, enquanto ensina o novato Norman a lutar.
239;Pleasure;08/10/2021;6.334;692;20.092;sv;Bella chega a Los Angeles de sua cidade natal, na Suécia, com sonhos de se tornar a próxima estrela pornô. Entretanto, como sua impiedosa ambição a leva a um território cada vez mais perigoso, Bella luta para conciliar seus sonhos de empoderamento com a realidade do lado mais obscuro da indústria.
240;Eddington;16/07/2025;7.09;39;20.053;en;Um casal fica preso em uma pequena cidade do Novo México durante a pandemia. Inicialmente bem acolhedora, a cidade dá uma guinada sinistra ao cair da noite.
241;O Senhor dos Anéis: O Retorno do Rei;17/12/2003;8.488;25268;20.013;en;O confronto final entre as forças do bem e do mal que lutam pelo controle do futuro da Terra Média se aproxima. Sauron planeja um grande ataque a Minas Tirith, capital de Gondor, o que faz com que Gandalf e Pippin partam para o local na intenção de ajudar a resistência. Um exército é reunido por Theoden em Rohan, em mais uma tentativa de deter as forças de Sauron. Enquanto isso, Frodo, Sam e Gollum seguem sua viagem rumo à Montanha da Perdição para destruir o anel.
242;Romance;14/04/1999;5.467;274;200.122;fr;
243;Mortal Kombat 2;22/10/2025;0.0;0;199.838;en;Os campeões favoritos dos fãs (agora acompanhados pelo próprio Johnny Cage) são colocados uns contra os outros na batalha final, sangrenta e sem barreiras para derrotar o governo sombrio de Shao Kahn, que ameaça a própria existência do Plano Terreno e seus defensores.
244;Harry Potter e o Prisioneiro de Azkaban;31/05/2004;8.012;22246;199.662;en;Quando a desprezível Tia Guida voa pelo céu na noite, Harry parte para o que será seu terceiro ano em Hogwarts. Um passeio no Nôitibus o leva para o Beco Diagonal onde ele fica sabendo que um prisioneiro foragido, Sirius Black está atrás dele. Em Hogwarts, Harry e seus amigos aprendem a delicada arte de se aproximar de um Hipogrifo, como transformar monstros em risadas e até mesmo a voltar no tempo. Dementadores sugadores de almas pairam sobre Hogwarts, ameaçando Harry, enquanto um seguidor de Aquele-Que-Não-Se-Deve-Nomear espreita pela escola. E Harry será forçado a confrontar todos eles. Dirigido por Alfonso Cuarón e baseado no terceiro livro de J.K. Rowling, essa maravilhosa história traz risadas, suspense e surpresas de tirar o fôlego, a especialidade dos filmes de Harry Potter. Prepare-se!
245;Invasão Zumbi;20/07/2016;7.754;7867;199.536;ko;A Coreia do Sul decreta estado de emergência após um vírus desconhecido tomar conta do país. Algumas pessoas tentam fugir de zumbis e ficam presas em um trem-bala que está a caminho de Busan, a única cidade que não foi afetada pelo vírus.
246;Cinquenta Tons de Liberdade;17/01/2018;6.693;8157;199.167;en;Superados os principais problemas, Anastasia e Christian agora têm amor, intimidade, dinheiro, sexo, relacionamento estável e um promissor futuro. A vida, no entanto, ainda reserva surpresas para os dois e fantasmas do passado como Jack Hyde e Elena Lincoln voltam a impedir a paz do casal.
247;Os Suspeitos;19/09/2013;8.097;12290;198.319;en;Depois que sua filha de seis anos e uma amiga dela são sequestradas, Keller Dove, um carpinteiro de Boston, enfrenta o departamento de polícia e o jovem detetive encarregado do caso para fazer justiça com as próprias mãos.
248;Como Treinar o Seu Dragão: Volta ao Lar;03/12/2019;8.03;1045;198.215;en;Soluço e Banguela se reúnem para lembrar as duas espécies do vínculo inseparável entre vikings e dragões.
249;Apocalipse Z: O Princípio do Fim;04/10/2024;6.7;1107;197.974;es;"Quando um tipo de raiva que transforma as pessoas em criaturas agressivas se espalha pelo planeta, Manel se isola em casa com seu gato, confiando em sua inteligência para sobreviver; mas logo eles precisam sair em busca de comida, por terra e por mar, esquivando-se de muitos perigos."
250;Harry Potter e o Cálice de Fogo;16/11/2005;7.8;21300;19.783;en;Quando o nome de Harry Potter emerge do Cálice de Fogo, ele se transforma em um competidor em uma extenuante batalha de magia entre três escolas de feiticeiros – o Torneio Tribruxo. Mas se Harry não se inscreveu para o tal torneio, quem o fez? Agora, Harry precisa confrontar um mortal dragão, ferozes demônios da água e um labirinto encantado aonde se deparará com Aquele-Que-Não-Deve-Ser-Nomeado. Nesta quarta adaptação da série Harry Potter, criada por J.K. Rowling, tudo está modificado, a começar pelo próprio Harry e seus inseparáveis amigos, Ron e Hermione, que deixam a infância para sempre e partem para desafios maiores do que tudo aquilo que um dia eles já imaginaram.
251;Guardiões da Galáxia: Vol. 3;03/05/2023;7.935;7500;197.457;en;Peter Quill, que ainda está se recuperando da perda de Gamora, tem que reunir a sua equipe para defender o universo e proteger um dos seus. Uma missão que, se não for concluída com sucesso, pode levar ao fim dos Guardiões como os conhecemos.
252;Homem de Ferro 2;28/04/2010;6.849;21573;196.424;en;Em um mundo ciente da existência do Homem de Ferro, o inventor bilionário Tony Stark sofre pressão de todos os lados para compartilhar sua tecnologia com as forças armadas. Ele resiste para divulgar os segredos de sua inigualável armadura, com medo de que estas informações caiam nas mãos erradas.
253;Missão: Impossível;22/05/1996;7.003;9394;19.595;en;Durante uma missão em Praga, um grupo especial de agentes cai em uma cilada. O americano Ethan Hunt descobre que apenas ele e outra agente sobreviveram. Tomado como informante, ele foge e começa a agir por conta própria. Com a ajuda de um novo grupo, ele vai tentar limpar seu nome, descobrindo quem foi o espião que armou para o seu time.
254;Toy Story 2;30/10/1999;7.6;14257;195.937;en;Quando Andy viaja para um acampamento de verão, Woody é sequestrado por Al, um ambiocioso colecionador, que precisa do brinquedo favorito de Andy para completar sua coleção da Gangue do Rodeio. Junto com Jessie, Bala no Alvo e Mineiro, Woody corre o risco de ter que passar o resto de sua vida em exposição num museu. Agora, Buzz, Sr. Cabeça de Batata, Porquinho, Rex e Slinky terão que salvar seu amigo e trazê-lo de volta à vida de brinquedos.
255;Super Happy Forever;27/01/2025;7.5;8;195.122;ja;19 de agosto de 2023. Os amigos de infância Sano e Miyata visitam um hotel resort em Izu, procurando um chapéu vermelho perdido enquanto revisitava os lugares onde Sano se conheceu e se apaixonou pela sua falecida esposa Nagi cinco anos antes.
256;Homem-Aranha;01/05/2002;7.313;19722;19.451;en;Peter Parker é um jovem estudioso que vive com seus tios, Ben e May, desde que seus pais faleceram. Peter tem dificuldade em se relacionar com seus colegas, por ser tímido e por eles o considerarem um nerd. Até que, em uma demonstração científica, um acidente inesperado faz com que uma aranha modificada geneticamente pique Peter. A partir de então seu corpo é quimicamente alterado pela picada da aranha.
257;Gladiador;04/05/2000;8.2;19876;194.113;en;Nos dias finais do reinado de Marcus Aurelius, o imperador desperta a ira de seu filho Commodus ao tornar pública sua predileção em deixar o trono para Maximus, o comandante do exército romano. Sedento pelo poder, Commodus mata seu pai, assume a coroa e ordena a morte de Maximus, que consegue fugir antes de ser pego e passa a se esconder sob a identidade de um escravo e gladiador do Império Romano.
258;Eden;10/04/2025;7.2;104;193.942;en;
259;Woodwalkers;17/10/2024;6.297;32;192.067;de;Carag, um puma metamorfo criado na natureza, ingressa na Clearwater High, uma escola para Woodwalkers. Com os amigos Holly (esquilo) e Brandon (bisão), ele navega pelos mistérios e perigos do mundo Woodwalker.
260;Forrest Gump: O Contador de Histórias;23/06/1994;8.469;28406;191.893;en;Quarenta anos da história dos Estados Unidos, vistos pelos olhos de Forrest Gump, um rapaz com QI abaixo da média e com boas intenções. Por obra do acaso, ele consegue participar de momentos cruciais, como a Guerra do Vietnã e o Caso Watergate, mas continua pensando no seu amor de infância, Jenny Curran.
261;Gato de Botas 2: O Último Pedido;07/12/2022;8.216;8296;191.729;en;O Gato de Botas descobre que sua paixão pela aventura cobrou seu preço: ele queimou oito de suas nove vidas, deixando-o com apenas uma vida restante. Gato parte em uma jornada épica para encontrar o mítico Último Desejo e restaurar suas nove vidas.
262;Ratatouille;28/06/2007;7.829;17643;191.318;en;Remy, morador de Paris, aprecia boa comida e tem um paladar bastante sofisticado. Ele adoraria se tornar um chef para poder criar e desfrutar de obras-primas culinárias para o deleite de seu coração. O único problema é que Remy é um rato. Quando acaba no esgoto debaixo de um dos melhores restaurantes de Paris, o roedor gourmet encontra-se na posição ideal para realizar o seu sonho.
263;Morlaix;14/03/2025;10.0;1;191.227;fr;
264;Diário de uma Paixão;25/05/2004;7.891;11985;190.972;en;Na década de 40, o operário Noah Calhoun e a rica Allie estão desesperadamente apaixonados, mas os pais da jovem não aprovam o namoro. Quando Noah vai para a Segunda Guerra Mundial, parece ser o fim do romance. Enquanto isso, Allie se envolve com outro homem. Mas quando Noah retorna para a pequena cidade anos mais tarde, próximo ao casamento de Allie, logo se torna claro que a paixão ainda não acabou.
265;Garota Exemplar;01/10/2014;7.89;19131;189.502;en;Amy Dunne desaparece no dia do seu aniversário de casamento, deixando o marido Nick em apuros. Ele começa a agir descontroladamente, abusando das mentiras, e se torna o suspeito número um da polícia. Com o apoio da sua irmã gêmea, Margo, Nick tenta provar a sua inocência e, ao mesmo tempo, procura descobrir o que aconteceu com Amy.
266;Mortal Kombat;07/04/2021;7.016;6020;189.447;en;O lutador de MMA Cole Young deve treinar para liberar seu verdadeiro poder para unir-se aos maiores campeões mundiais contra inimigos da Exoterra em uma batalha decisiva pelo universo.
267;Jurassic Park: O Parque dos Dinossauros;11/06/1993;7.959;16944;188.622;en;Um parque construído por um milionário tem dinossauros diversos como habitantes, extintos a sessenta e cinco milhões de anos. Isto é possível por ter sido encontrado um inseto fossilizado, que tinha sugado sangue destes dinossauros, de onde pôde-se isolar o DNA, o código químico da vida e, a partir deste ponto, recriá-los em laboratório. Mas, o que parecia ser um sonho se torna um pesadelo, quando a experiência sai do controle de seus criadores.
268;Miocardio;24/01/2025;6.0;4;188.604;es;
269;The Last Stand of Ellen Cole;18/10/2024;7.95;30;188.164;en;Um empreiteiro quer expulsar uma idosa... sem saber que ela é uma assassina treinada que fará de tudo para proteger sua casa.
270;Frozen: Uma Aventura Congelante;20/11/2013;7.247;16959;186.502;en;A destemida e otimista Anna sai em uma jornada épica, ao lado de Kristoff e sua leal rena Sven, para encontrar sua irmã Elsa, cujos poderes congelantes aprisionaram o reino de Arendelle em um inverno eterno. Encontrando condições de Everest, trolls místicos e um hilário boneco de neve chamado Olaf, Anna e Kristoff enfrentam obstáculos em uma corrida para salvar o reino.
271;Kelas Bintang - Salome;13/05/2023;10.0;2;186.285;ho;
272;Divertida Mente;17/06/2015;7.912;22627;186.068;en;Quando Riley, de 11 anos, se muda para uma nova cidade, suas Emoções - Alegria, Medo, Raiva, Nojinho e Tristeza trabalham juntas para ajudá-la na transição. Porém, uma série de eventos faz com que Alegria e Tristeza se envolvam em uma perigosa aventura que virará o mundo de Riley de cabeça para baixo.
273;Harry Potter e a Ordem da Fênix;08/07/2007;7.675;20012;18.595;en;Lord Voldemort está de volta, mas o Ministério da Magia está fazendo tudo a seu alcance para impedir que a comunidade mundial de bruxos descubra isso – incluindo indicar a oficial do Ministério, Dolores Umbridge, como a nova professora de Defesa Contra as Artes das Trevas de Hogwarts. Quando Umbridge se recusa a ensinar a prática de mágica defensiva, Rony e Hermione convencem Harry a secretamente treinar um grupo de estudantes para a guerra de magia que está prestes a estourar.
274;Sidelined: QB e Eu;06/02/2025;6.052;77;185.615;en;Dallas, uma dançarina sobrecarregada, mas obstinada, está determinada a entrar na melhor escola de dança do país — a alma mater de sua falecida mãe. No entanto, esse sonho de repente sai dos trilhos quando o astro do futebol atrevido, mas secretamente enlutado, Drayton, entra em sua vida com uma história única. Os dois conseguirão crescer em seus sonhos juntos, ou seus sonhos serão deixados de lado?
275;Viva: A Vida é uma Festa;27/10/2017;8.204;20075;184.986;en;Apesar da desconcertante proibição da música imposta pela sua família há várias gerações, Miguel sonha em tornar-se um músico de sucesso como o seu ídolo, Ernesto de la Cruz. Desesperado para provar o seu talento, Miguel encontra-se na deslumbrante e colorida Terra dos Mortos, seguindo uma misteriosa cadeia de acontecimentos. Pelo caminho, conhece o encantador Hector e, juntos, partem numa extraordinária viagem para desvendar a verdadeira história por detrás da história da família de Miguel.
276;Fear Cabin: The Last Weekend of Summer;27/09/2024;8.0;5;18.48;en;
277;Pulp Fiction: Tempo de Violência;10/09/1994;8.5;28877;184.307;en;Vincent Vega e Jules Winnfield são dois assassinos profissionais que trabalham fazendo cobranças para Marsellus Wallace, um poderosos gângster. Vega é forçado a sair com a garota do chefe, temendo passar dos limites. Enquanto isso, o pugilista Butch Coolidge se mete em apuros por ganhar uma luta que deveria perder.
278;Vale la pena, de Dani Rovira;10/07/2025;8.5;2;183.539;es;
279;Scarface;09/12/1983;8.2;12318;183.432;en;Após receber residência permanente nos Estados Unidos em troca do assassinato de um oficial do governo cubano, Tony Montana se torna o chefe do tráfico de drogas em Miami. Matando qualquer um que entre em seu caminho, Tony eventualmente se torna o maior traficante da Flórida, controlando quase toda a cocaína que entra em Miami. Porém, a pressão da polícia, as guerras com cartéis colombianos e sua própria paranoia servem para alimentar as chamas de sua eventual queda.
280;我為卿狂;15/11/1991;5.214;21;183.332;cn;
281;Desastre Total: Garoto do Balão;14/07/2025;5.647;17;164.637;en;Um disco voador caseiro sai voando, possivelmente carregando um garoto de 6 anos, e causa pânico nos EUA. Este documentário investiga o que realmente aconteceu.
282;Sipsipan;11/07/2025;7.5;2;176.358;tl;
283;Transformers - O Início;11/09/2024;8.1;1324;179.963;en;"Descrito como uma ""história de origem"" ambientada no planeta Cybertron, o filme será centrado na relação entre Optimus Prime e Megatron passando de irmãos de armas a arqui inimigos, e nas fundações das facções que eles liderarão e entrarão em conflito como Autobots e Decepticons."
284;Viva: A Vida é uma Festa;27/10/2017;8.204;20075;184.986;en;Apesar da desconcertante proibição da música imposta pela sua família há várias gerações, Miguel sonha em tornar-se um músico de sucesso como o seu ídolo, Ernesto de la Cruz. Desesperado para provar o seu talento, Miguel encontra-se na deslumbrante e colorida Terra dos Mortos, seguindo uma misteriosa cadeia de acontecimentos. Pelo caminho, conhece o encantador Hector e, juntos, partem numa extraordinária viagem para desvendar a verdadeira história por detrás da história da família de Miguel.
285;O Senhor dos Anéis: As Duas Torres;18/12/2002;8.408;22741;17.833;en;Após a captura de Merry e Pippy pelos orcs, a Sociedade do Anel é dissolvida. Frodo e Sam seguem sua jornada rumo à Montanha da Perdição para destruir o anel e descobrem que estão sendo perseguidos pelo misterioso Gollum. Enquanto isso, Aragorn, o elfo e arqueiro Legolas e o anão Gimli partem para resgatar os hobbits sequestrados e chegam ao reino de Rohan, onde o rei Theoden foi vítima de uma maldição mortal de Saruman.
286;Harry Potter e as Relíquias da Morte - Parte 2;12/07/2011;8.1;21143;172.242;en;No final épico, a batalha entre as forças do bem e do mal no mundo da bruxaria toma proporções de uma guerra mundial. As apostas nunca foram tão altas e ninguém está a salvo. Mas é harry que pode ser convocado para fazer um derradeiro sacrifício, à medida que ele se aproxima cada vez mais do confronto final com Lorde Voldemort. Tudo termina aqui.
287;À Espera de um Milagre;10/12/1999;8.504;18219;26.755;en;Milagres acontecem em lugares inesperados, mesmo no bloco de celas para o corredor da morte na Penitenciária Cold Mountain. Lá, John Coffey, um gentil e gigante prisioneiro com poderes sobrenaturais, traz um senso de espírito e humanidade aos seus guardas e colegas de cela.
288;Miocardio;24/01/2025;6.0;4;188.604;es;
289;Nosferatu;25/12/2024;6.706;2834;173.456;en;Um conto gótico de obsessão entre uma jovem assombrada na Alemanha do século XIX e o antigo vampiro da Transilvânia que a persegue, trazendo consigo um horror incalculável.
290;我為卿狂;15/11/1991;5.214;21;183.332;cn;
291;Homem-Aranha: De Volta ao Lar;05/07/2017;7.331;22337;180.681;en;Depois de atuar ao lado dos Vingadores, chegou a hora do pequeno Peter Parker voltar para casa e para a sua vida, já não mais tão normal. Lutando diariamente contra pequenos crimes nas redondezas, ele pensa ter encontrado a missão de sua vida quando o terrível vilão Abutre surge amedrontando a cidade. O problema é que a tarefa não será tão fácil como ele imaginava.
292;Confinado;20/03/2025;6.3;237;16.098;en;O assaltante Eddie invade um SUV de luxo acreditando ter encontrado o alvo perfeito, mas cai em uma armadilha mortal. O veículo pertence a William, um autoproclamado justiceiro que impõe sua própria visão de justiça. Transformado em uma prisão sobre rodas, o carro torna cada movimento uma ameaça. Sem saída e à mercê de um inimigo frio e calculista, Eddie precisa lutar para sobreviver nesse jogo implacável.
293;Major Imortal;31/10/2024;7.374;238;165.929;ta;Honra, amor e sacrifício entram em conflito na vida do major Mukund Varadarajan e de sua esposa Indhu quando ele começa a subir na hierarquia do exército indiano.
294;Quarteto Fantástico;29/06/2005;5.791;9539;225.524;en;O cientista Reed Richards convence seu arrogante colega Victor von Doom a financiar seus experimentos com energia cósmica. Na estação espacial Von Doom, a tripulação, incluindo o astronauta Ben Grimm, a pesquisadora Sue Storm e o piloto Johnny Storm, é exposta a uma tempestade cósmica misteriosa que dá superpoderes a eles. Eles tentam lidar com suas transformações enquanto o detestável von Doom jura vingança.
295;Soldado Tin;22/05/2025;4.739;71;168.793;en;Um ex-agente das forças especiais busca vingança contra um líder de culto que corrompeu seus antigos companheiros, os Shinjas. Este líder, conhecido como Bokushi, promete aos veteranos um propósito e proteção, mas se revela uma influência destrutiva. O ex-soldado, Nash Cavanaugh, une forças com o agente militar Emmanuel Ashburn para se infiltrar na fortaleza dos Bokushi e expor seu reinado de terror.
296;John Wick: Um Novo Dia para Matar;08/02/2017;7.3;13556;171.887;en;O lendário John Wick é forçado a deixar a aposentadoria em função de um criminoso que conspira para tomar o controle de um clã de assassinos internacionais. Por causa de um pacto de sangue, John Wick viaja para Roma, com o objetivo de ajudar um velho amigo a derrubar a organização internacional secreta, perigosa e mortal de assassinos procurados em todo o mundo.
297;Zootopia: Essa Cidade é o Bicho;11/02/2016;7.748;16797;179.905;en;Judy Hopps é a pequena coelha de uma fazenda isolada, filha de agricultores que plantam cenouras há décadas. Mas ela tem sonhos maiores: pretende se mudar para a cidade grande, Zootopia, onde todas as espécies de animais convivem em harmonia, na intenção de se tornar a primeira coelha policial. Judy enfrenta o preconceito e as manipulações dos outros animais, mas conta com a ajuda inesperada da raposa Nick Wilde, conhecida por sua malícia e suas infrações. A inesperada dupla se dedica à busca de um animal desaparecido, descobrindo uma conspiração que afeta toda a cidade.
298;Chespirito: El Niño Que Somos;10/01/2001;7.818;11;17.202;es;
299;Batman Ninja vs. Liga da Yakuza;17/03/2025;6.686;188;173.857;ja;Nesta continuação de Batman Ninja, a Família Batman volta ao presente e descobre que o Japão desapareceu, e agora uma ilha gigante chamada “Hinomoto” flutua nos céus de Gotham City. No topo estão os Yakuza, um grupo de indivíduos superpoderosos que reinam sem honra ou humanidade e se parecem estranhamente com a Liga da Justiça. Agora, cabe a Batman e seus aliados salvar Gotham!
300;Deadpool;09/02/2016;7.623;31748;170.767;en;Baseado no anti-herói não convencional da Marvel Comics, Deadpool conta a história da origem do ex-agente das Forças Especiais que se tornou o mercenário Wade Wilson. Depois de ser submetido a um desonesto experimento que o deixa com poderes de cura acelerada, Wade adota o alter ego de Deadpool. Armado com suas novas habilidades e um senso de humor negro e distorcido, Deadpool persegue o homem que quase destruiu sua vida.
